company_name,email,phone,city,website,source_url
ТРИ М КОНСАЛТИНГ,trimconsalting@yahoo.com,,Тетово,,https://smetkovoditeli.com.mk
Ликвид ТС Консалтинг ДООЕЛ,likvidtskonsalting@gmail.com,,Скопје,,https://smetkovoditeli.com.mk
МАЈАГО КОНСАЛТ ДОО,majago2021@gmail.com,,Гевгелија,,https://smetkovoditeli.com.mk
ВТ Конто Партнер ДОО,valentina.vtkonto19@gmail.com,,Скопје,,https://smetkovoditeli.com.mk
БИ-РА ТРЕЈД ДООЕЛ,biratrejd@t.mk,,Кочани,,https://smetkovoditeli.com.mk
ПОСТОЛОВ КОМ ДООЕЛ,zpostolov@yahoo.com,,Кочани,,https://smetkovoditeli.com.mk
КБЛ КОНТО Биро ДООЕЛ,reksobiro@hotmail.com,,Прилеп,,https://smetkovoditeli.com.mk
БИЛС 2012 ДООЕЛ,bsukloska@yahoo.com,,Охрид,,https://smetkovoditeli.com.mk
МГ КОНСАЛТИНГ СБ,gajikm@gmail.com,,Кавадарци,,https://smetkovoditeli.com.mk
ПРО АКАУНТИНГ ТП,mladenovskiljupka@gmail.com,,Скопје,,https://smetkovoditeli.com.mk
АНА-БАЛАНС ТП,ana5@t.mk,,Виница,,https://smetkovoditeli.com.mk
МР ЏОНИ ДООЕЛ,mrs.xhoni@gmail.com,,Скопје,,https://smetkovoditeli.com.mk
ДВА-Л БИЛАНС ДООЕЛ,dvalbilans@gmail.com,,Битола,dvalbilans.mk,https://smetkovoditeli.com.mk
ПАОЛ ДООЕЛ,blagapaol@yahoo.com,,Прилеп,,https://smetkovoditeli.com.mk
АКАУНТ СИСТЕМ СЕРВИС ДООЕЛ,akauntsistemservis@gmail.com,,Струга,,https://smetkovoditeli.com.mk
МЕНАЏМЕНТ БИРО Дооел,menadzmentbiro@gmail.com,,Скопје,,https://smetkovoditeli.com.mk
МА-ГО КНИГОВОДСТВО ДООЕЛ,contact@mago.com.mk,,Скопје,,https://smetkovoditeli.com.mk
СТЕФКО ДООЕЛ,stefkodooel@gmail.com,,Скопје,,https://smetkovoditeli.com.mk
ЛУНА КОНСАЛТИНГ ДОО,lunakonsalting2016@gmail.com,,Скопје,,https://smetkovoditeli.com.mk
МЕГА МАК ЕКОНОМИК ДОО,megamak_ekonomik@live.com,,Скопје,,https://smetkovoditeli.com.mk
ТАБУЛАРИУС ДООЕЛ,tabularius.mk@hotmail.com,,Скопје,,https://smetkovoditeli.com.mk
ХОРУС ДООЕЛ,horusmirjana@yahoo.com,,Скопје,,https://smetkovoditeli.com.mk
ДЕ ИНТЕРНАЦИОНАЛ ДООЕЛ,savevski@nordmazedonien.ahk.de,,Скопје,,https://smetkovoditeli.com.mk
ПРОЦЛЕАН ДООЕЛ,gencfejzi@hotmail.com,,Гостивар,,https://smetkovoditeli.com.mk
ЦСИ КОНСАЛТИНГ СЕРВИСИ,irena@cs.mk,,Скопје,,https://smetkovoditeli.com.mk
ГЛОБОКС ДООЕЛ,globoxstruga@gmail.com,,Струга,,https://smetkovoditeli.com.mk
ПРАВЕКО ДООЕЛ,praveko2010@yahoo.com,,Велес,,https://smetkovoditeli.com.mk
ПЕМИТ БИРО,pecemitrevski13@yahoo.com,,Битола,,https://smetkovoditeli.com.mk
АТМ-КОНСАЛТИНГ ДООЕЛ,tasevska_valentina@yahoo.com,,Скопје,,https://smetkovoditeli.com.mk
ЛЕНБИЛ ЛЕНЧЕ ДООЕЛ,lence.lenbildooel.mitkovska@gmail.com,,Битола,,https://smetkovoditeli.com.mk
БИЛАНС КОНСАЛТИНГ ОФИСЕ,bilans2015@gmail.com,,Гостивар,,https://smetkovoditeli.com.mk
АЖУР ДООЕЛ,fe.azh@hotmail.com,,Тетово,,https://smetkovoditeli.com.mk
МАЕСТРО НОВА ДООЕЛ,maestronova@t.mk,,Скопје,,https://smetkovoditeli.com.mk
БИЛАНСИ ИХ ДООЕЛ,bilansimp@hotmail.com,,Струмица,,https://smetkovoditeli.com.mk
ДЕЛ-ТЕЛ ДООЕЛ,deltkont@yahoo.com,,Струмица,,https://smetkovoditeli.com.mk
СЕЛЕНА МБКИ ДООЕЛ,m_trifunoski@yahoo.com,,Струга,,https://smetkovoditeli.com.mk
МОЈ СМЕТКОВОДИТЕЛ ДООЕЛ,moj.smetkovoditel@gmail.com,,Скопје,,https://smetkovoditeli.com.mk
ФЕНИКС СМЕТКОВОДСТВО ДООЕЛ,feniks.smetkovodstvo@yahoo.com,,Скопје,,https://smetkovoditeli.com.mk
МЕРИ ОФИС ДООЕЛ,merry1987@ymail.com,,Кичево,,https://smetkovoditeli.com.mk
КОНСАЛТИНГ ХРИСМИ,biljana_pet@yahoo.com,,Гевгелија,,https://smetkovoditeli.com.mk
МАРИЈА-КОНСАЛТИНГ ДООЕЛ,marijakonsalting@gmail.com,,Неготино,,https://smetkovoditeli.com.mk
ТИМ КОНСАЛТИНГ ДОО,i.spiroska@yahoo.com,,Скопје,,https://smetkovoditeli.com.mk
РИЕМА 2012 ДООЕЛ,p.lekoska@yahoo.com,,Охрид,,https://smetkovoditeli.com.mk
ААМ ФИНАНСИСКИ КОНСАЛТИНГ,aamconsulting@aam.com.mk,,Скопје,,https://smetkovoditeli.com.mk
МАКЛЕН КОНСАЛТИНГ ДООЕЛ,kocevalence@yahoo.com,,Кочани,,https://smetkovoditeli.com.mk
ЛИНК ДООЕЛ,link.dooel@yahoo.com,,Радовиш,,https://smetkovoditeli.com.mk
КОНСАЛТИНГ НИКОЛОВСКИ ДООЕЛ,nikolovska_t@yahoo.com,,Делчево,,https://smetkovoditeli.com.mk
СТЕМА ТРАНСПОРТ ДООЕЛ,stema.transport@yahoo.com,,Скопје,,https://smetkovoditeli.com.mk
СБ Книговодство ТП,snezanabebekoska@yahoo.com,,Вевчани,,https://smetkovoditeli.com.mk
ВЕРОНИКА БИРО ТП,ivana.sekuloska@yahoo.com,,Струга,,https://smetkovoditeli.com.mk
ДИА-ТЕ 2010 ДООЕЛ,diate2010dooel@gmail.com,,Охрид,,https://smetkovoditeli.com.mk
ТП МИ-СА 2019,marija.temelkova1990@gmail.com,,Росоман,,https://smetkovoditeli.com.mk
ТИМ ТИНА АКУНТ ДООЕЛ,mating_biro@yahoo.com,,Скопје,,https://smetkovoditeli.com.mk
ДРИАС ПЛУС ДООЕЛ,biljanaristeska2003@yahoo.com,,Струга,,https://smetkovoditeli.com.mk
АНАЛИТИКА КОНТО ПЛУС ТП,analitikakonto@yahoo.com,,Кавадарци,,https://smetkovoditeli.com.mk
ТПЛ ТОТАЛ ПОСТ ЛОГИСТИК,vlatkopandevtpl@gmail.com,,Скопје,,https://smetkovoditeli.com.mk
АТАНАСОВ МКВС,mileatanasov@t.mk,,Кочани,,https://smetkovoditeli.com.mk
ТП БИЛАНСИ РСА,r.seadini@hotmail.com,,Тетово,,https://smetkovoditeli.com.mk
ИВА-КОНТ БЦИ ТП,ivakontbci@outlook.com,,Тетово,,https://smetkovoditeli.com.mk
ТРЕЗОР ПЛУС ТП,trezoplus@mail.com,+38978388035,Скопје,,https://smetkovoditeli.com.mk
ЕМ-ФИНАСЕЕ ТП,emfinansee@gmail.com,,Гостивар,,https://smetkovoditeli.com.mk
М Консалтинг ТП,smetkovoditel0881@gmail.com,,Скопје,,https://smetkovoditeli.com.mk
ВС КОНСАЛТИНГ ПРОМО ДООЕЛ,slavkovska@yandex.com,,Скопје,,https://smetkovoditeli.com.mk
ДЕА АУТО КОМАНИ ДООЕЛ,elizabeta.a@t.mk,,Куманово,,https://smetkovoditeli.com.mk
ГИМ СМЕТКОВОДСТВО ДООЕЛ,goran@gimsmetkovodstvo.mk,,Охрид,,https://smetkovoditeli.com.mk
СБ ЕЛИТА 2019 ДООЕЛ,elita2019dooel@gmail.com,,Виница,,https://smetkovoditeli.com.mk
ТОТАЛ КОНСАЛТИНГ ДООЕЛ,totalconsalting@hotmail.com,,Скопје,,https://smetkovoditeli.com.mk
СТОЈКОВА СМЕТКОВОДСТВО ДООЕЛ,julestojkova@gmail.com,,Кавадарци,,https://smetkovoditeli.com.mk
Офис инженеринг ДООЕЛ,office@simchostoimenov.com,,Скопје,,https://smetkovoditeli.com.mk
РЕД СТАР КОНСАЛТИНГ,stelarosa985@gmail.com,,Кавадарци,,https://smetkovoditeli.com.mk
РОЈАЛ ТРЕЕ ДООЕЛ,el_nik@live.com,,Скопје,,https://smetkovoditeli.com.mk
ГАЛА КОНСАЛТИНГ,galakonsalting@t.mk,,Кочани,,https://smetkovoditeli.com.mk
ПРО-ПЛАН АКАУНТ,proplan2018@yahoo.com,,Скопје,,https://smetkovoditeli.com.mk
КОНСАЛТИНГ СМИЛЕВСКИ,konsaltingsmilevski@gmail.com,,Скопје,,https://smetkovoditeli.com.mk
УНИЈА ПРОМ,unijapromorce@yahoo.com,,Скопје,,https://smetkovoditeli.com.mk
ЕУРО КОНСАЛТИНГ ПЛУС,kontakt.ecp@t-home.mk,,Велес,,https://smetkovoditeli.com.mk
ТП ДАМАСО,sonjadancevska@yahoo.com,,Скопје,,https://smetkovoditeli.com.mk
ТП БИЛАНС ПРО,saksoski@hotmail.com,,Гостивар,,https://smetkovoditeli.com.mk
ТП МАР КОНСАЛТИНГ,knidimmar@yahoo.com,,Скопје,,https://smetkovoditeli.com.mk
СНЕКА ДОО,katerina.antic@gmail.com,,Скопје,,https://smetkovoditeli.com.mk
РУЛЕ АУДИТ,audit@rulerevizija.mk,,Скопје,www.rulerevizija.mk,https://smetkovoditeli.com.mk
ТП АКАУНТИНГ ТИМ,akauntingtim@gmail.com,,Штип,,https://smetkovoditeli.com.mk
ТП МФЕ,vera-dimeska@hotmail.com,,Скопје,,https://smetkovoditeli.com.mk
ТП ПЕРСОНАЛИТИ,personalitibiro@gmail.com,,Скопје,,https://smetkovoditeli.com.mk
ТП НИКРИ КОНСАЛТИНГ,natasatrajceva@yahoo.com,,Кочани,,https://smetkovoditeli.com.mk
ЛЕОНИДАС БЕСТ,leonidasbest2016@gmail.com,,Прилеп,,https://smetkovoditeli.com.mk
АН-СТО ЛИНГУА,ansto_lingua@yahoo.com,,Куманово,,https://smetkovoditeli.com.mk
ВБ ТУЛАС ДОО,vb.tulas@yahoo.com,,Штип,,https://smetkovoditeli.com.mk
ИИЦ ДОО,emilija@iic.com.mk,,Скопје,,https://smetkovoditeli.com.mk
ДК КНИГОВОДСТВО,dk.knigovodstvo@gmail.com,,Ресен,,https://smetkovoditeli.com.mk
ПИ ФИНАНС,ana.binov@pifinance.mk,,Скопје,,https://smetkovoditeli.com.mk
НАТ КОНСАЛТИНГ,natkonsalting@gmail.com,,Скопје,,https://smetkovoditeli.com.mk
КАВАДИС,spasenka@kavadis.mk,,Неготино,www.kavadis.mk,https://smetkovoditeli.com.mk
ВЕ-РА ИМПЕКС,vera_impeks@t.mk,,Илинден,,https://smetkovoditeli.com.mk
ДМ КОНСАЛТ ПЛУС,dmkonsalt@gmail.com,,Штип,,https://smetkovoditeli.com.mk
ИНОМАК,velickovska.v@gmail.com,,Делчево,,https://smetkovoditeli.com.mk
ИКЕЦ ДООЕЛ,ikecmarija@gmail.com,,Скопје,,https://smetkovoditeli.com.mk
ФРОА КОНСАЛТИНГ,contact@froaconsalting.com,,Дебар,,https://smetkovoditeli.com.mk
ГАЛОП ДВ ДООЕЛ,goran@galopdv.com.mk,,Скопје,,https://smetkovoditeli.com.mk
ПРОФИТЕР КОНСАЛТИНГ ПЛУС,profiterkonsalting@gmail.com,,Неготино,,https://smetkovoditeli.com.mk
ЕКОНОМ 58,ekonom58@yahoo.com,,Струмица,,https://smetkovoditeli.com.mk
АУДИТ МАКЕДОНИЈА ДОО,contact@auditmacedonia.com.mk,,Скопје,auditmacedonia.com.mk,https://smetkovoditeli.com.mk
КОНТИМИ ДООЕЛ,kontimi10@yahoo.com,,Кичево,,https://smetkovoditeli.com.mk
КНИГОВОДИТЕЛ ДООЕЛ,knigovoditelmk@gmail.com,,Скопје,,https://smetkovoditeli.com.mk
МЕГАБИТ ДООЕЛ,megabit_oh@yahoo.com,,Охрид,,https://smetkovoditeli.com.mk
СМАРТ КОНСАЛТИНГ ДООЕЛ,dusko.kocev@t.mk,,Штип,,https://smetkovoditeli.com.mk
ДАНИВЕЛ КОНСАЛТИНГ,danivelkonsalting@gmail.com,,Скопје,,https://smetkovoditeli.com.mk
МАРИЈОА ДООЕЛ,irena_jakimovska@live.com,,Охрид,,https://smetkovoditeli.com.mk
ЕВА И МИА КОНСАЛТИНГ,gemini.skopje@gmail.com,,Скопје,,https://smetkovoditeli.com.mk
ЛЕГАЛ АКАУНТ,legalaccount@hotmail.com,,Скопје,,https://smetkovoditeli.com.mk
ТАЈМ ВИЗИОН,timevision16@gmail.com,,Скопје,,https://smetkovoditeli.com.mk
РОЈАЛ ПАЛАС,m_jakupi@yahoo.com,,Куманово,,https://smetkovoditeli.com.mk
КНИГОВОДСТВЕНО БИРО НЕДИНИ,nedini2@yahoo.com,,Велес,,https://smetkovoditeli.com.mk
АКАУНТ ПРО КОНСАЛТИНГ,kontosmetkovodstvo@gmail.com,,Ресен,,https://smetkovoditeli.com.mk
КУЛТ КОНСАЛТИНГ,kultkonsalting@t.mk,,Кочани,,https://smetkovoditeli.com.mk
ВЕТРИКС ДООЕЛ,vetrix_05@yahoo.com,,Кавадарци,,https://smetkovoditeli.com.mk
ЈОЛЕ ДООЕЛ,kb_jole@hotmail.com,,Чучер-Сандево,,https://smetkovoditeli.com.mk
АКАУНТ ГРУП ДООЕЛ,info@smetkovoditel.com.mk,,Скопје,smetkovoditel.com.mk,https://smetkovoditeli.com.mk
ВИДМАР КОМПАНИ,vangelica@vidmar-company.mk,,Скопје,,https://smetkovoditeli.com.mk
КОМОН-ПРОМ,komonkratovo@yahoo.com,,Кратово,,https://smetkovoditeli.com.mk
ЈО-АН КОНСАЛТИНГ,joankonsalting@gmail.com,,Илинден,,https://smetkovoditeli.com.mk
СТЕЛА КОНСАЛТИНГ,biljana.stoilevska@stela.mk,,Скопје,,https://smetkovoditeli.com.mk
МАНОЛЕВИ Ј и Т,jovankamanoleva@hotmail.com,,Богданци,,https://smetkovoditeli.com.mk
СМЕТКОВОДСТВЕНО БИРО ЈАН-МАР,sb.janmar@gmail.com,,Прилеп,,https://smetkovoditeli.com.mk
БИВЕСТ ДОО,info@bivest.mk,,Скопје,www.bivest.mk,https://smetkovoditeli.com.mk
САГОР ГОРИЦА,sagor9577@yahoo.com,,Скопје,,https://smetkovoditeli.com.mk
ЈЕТА 2010,xhurije_@hotmail.com,,Струга,,https://smetkovoditeli.com.mk
ПРОФИТ АНА ДООЕЛ,macanikolovska@hotmail.com,,Скопје,,https://smetkovoditeli.com.mk
МАРИЈА БИЛАНС ПЛУС,mbilansplus@gmail.com,,Битола,,https://smetkovoditeli.com.mk
ГЛОБАЛ ГРОУП КОНСАЛТИНГ ДОО,audit@globalgroup.mk,,Скопје,globalgroup.mk,https://smetkovoditeli.com.mk
БМ ОФИС ДООЕЛ,bioreklamprilep@gmail.com,,Прилеп,,https://smetkovoditeli.com.mk
СС Даниела ДООЕЛ,renataperlin@hotmail.com,,Скопје,,https://smetkovoditeli.com.mk
ГОДРА-КОНСАЛТИНГ,godraknigovodstvo@gmail.com,,Свети Николе,,https://smetkovoditeli.com.mk
ЕЛИМБИЈАДА КОНСАЛТИНГ,beticastor@yahoo.com,,Скопје,,https://smetkovoditeli.com.mk
КОНТО КОНСАЛТИНГ ФИНИ,konsaltingfini@gmail.com,,Ресен,,https://smetkovoditeli.com.mk
ПРОКОНТО ПЛУС,selmani.safet@gmail.com,,Гостивар,,https://smetkovoditeli.com.mk
АРСОВСКА КОНСАЛТИНГ ДООЕЛ,arsovskaa@gmail.com,,Скопје,,https://smetkovoditeli.com.mk
БИЛАНС УСПЕХ ДООЕЛ,gorica.dukova@yahoo.com,,Кавадарци,,https://smetkovoditeli.com.mk
БИ АРТ КОНСАЛТИНГ,biart_konsalting@hotmail.com,,Скопје,,https://smetkovoditeli.com.mk
СФР КОНСАЛТИНГ ПЛУС,sfrkonsaltingplus@yahoo.com,,Скопје,,https://smetkovoditeli.com.mk
ЕКОНОМИК КОНСАЛТИНГ МС,ekonomikkonsalting@hotmail.com,,Гостивар,,https://smetkovoditeli.com.mk
Ш и М Консалтинг Про,shmconsultingpro@gmail.com,+38978294014,Гостивар,,https://smetkovoditeli.com.mk
АКАУНТ ДООЕЛ,contact@account.com.mk,,Скопје,account.com.mk,https://smetkovoditeli.com.mk
АЛИС НБ,p.bozinova@yahoo.com,,Скопје,,https://smetkovoditeli.com.mk
ТП ОФИС НЕА АКАУНТИНГ,officeneaacc@gmail.com,,Тетово,,https://smetkovoditeli.com.mk
ЕУРО КОНТИ,eurokonti@yahoo.com,,Струмица,,https://smetkovoditeli.com.mk
ТЕ НИ КОНСАЛТИНГ,katicaalagozovska@live.com,,Берово,,https://smetkovoditeli.com.mk
ФРЕЕ АКАУНТИНГ,freeaccounting.te@yahoo.com,,Тетово,,https://smetkovoditeli.com.mk
ПКА БАЛАНС ДООЕЛ,hristina.pachemska@pkabalans.mk,,Скопје,pkabalans.mk,https://smetkovoditeli.com.mk
БИЛАНС МИЛЕНИУМ,bilansmilenium@gmail.com,,Тетово,,https://smetkovoditeli.com.mk
ИНФОЦЕЛИНА ДООЕЛ,infocelinabiro@yahoo.com,,Скопје,infocelina.com.mk,https://smetkovoditeli.com.mk
ПЕРПЕТУМ АКАУНТ ТП,office.perpetum@gmail.com,,Скопје,,https://smetkovoditeli.com.mk
МИСТ МИ КОНСАЛТИНГ,mirjanakrsteva@yahoo.com,,Велес,,https://smetkovoditeli.com.mk
ПРОФИЛ БИЛАНС ДОО,profilbilans@gmail.com,,Скопје,,https://smetkovoditeli.com.mk
САНШАЈН ТРЕЈД,lkrstevska@gmail.com,,Скопје,,https://smetkovoditeli.com.mk
СТУДИО АДА ДОО,info@studioada.mk,,Скопје,studioada.mk,https://smetkovoditeli.com.mk
МФД ДООЕЛ Скопје,gjdaniela@yahoo.com,,Скопје,,https://smetkovoditeli.com.mk
ПРО ЕКОНОМИК,info@proekonomik.mk,,Струга,proekonomik.mk,https://smetkovoditeli.com.mk
ТП СОФИЈА БИЛАНС,sofijabilans@gmail.com,,Штип,,https://smetkovoditeli.com.mk
ХАЧ-КО ДООЕЛ,s.hachkovik@gmail.com,,Студеничани,,https://smetkovoditeli.com.mk
ПАРТНЕР ПЛУС,partnerplus@partnerplus.mk,,Скопје,partnerplus.mk,https://smetkovoditeli.com.mk
МСС КОНСАЛТИНГ,mss_konsalting@yahoo.com,,Битола,,https://smetkovoditeli.com.mk
КОНТО МАКС,kontomaks2017@gmail.com,,Пробиштип,,https://smetkovoditeli.com.mk
ИНФОЛИМБ 2007,infolimb2007@yahoo.com,,Крушево,,https://smetkovoditeli.com.mk
АРСЕНИЕВА КОНСАЛТ,a.galina@t-home.mk,,Делчево,,https://smetkovoditeli.com.mk
ЛЕКОВ КОНСАЛТИНГ,biroblveles@yahoo.com,,Велес,,https://smetkovoditeli.com.mk
ПРОКСИМУС ДОО,proksimusdia@gmail.com,,Скопје,,https://smetkovoditeli.com.mk
КОСТ КОНТРОЛ,katerina1todoroska@gmail.com,,Прилеп,,https://smetkovoditeli.com.mk
РЕНИГ БП КОНСАЛТИНГ ДОО,renigbp@yahoo.com,,Скопје,,https://smetkovoditeli.com.mk
МАК КОНСАЛТИНГ,makkonsalting@gmail.com,,Скопје,,https://smetkovoditeli.com.mk
КОНСАЛТИНГ ИВАНОВСКИ,ivanovski1982@gmail.com,,Ресен,,https://smetkovoditeli.com.mk
АС ИНКОРПОРЕЈШН,tiva-as@hotmail.com,,Валандово,,https://smetkovoditeli.com.mk
ЈАНКО ТРЕТИ ДООЕЛ,jankotreti@yahoo.com,,Охрид,,https://smetkovoditeli.com.mk
ДЕЈДИ КОНСАЛТИНГ,mitrovskad25@yahoo.com,,Скопје,,https://smetkovoditeli.com.mk
ЈОЛАК,vlatkojolak@gmail.com,,Охрид,,https://smetkovoditeli.com.mk
ФОСТЕР АУТСОРСИНГ ДОО,info@foster.mk,,Скопје,www.foster.mk,https://smetkovoditeli.com.mk
КРИС КОНТО,kristinamlad@gmail.com,,Кочани,,https://smetkovoditeli.com.mk
ТП БИЛАНС ЕЛИТ,belinda.bilans@gmail.com,,Виница,,https://smetkovoditeli.com.mk
БИЛСИЈАДА ДООЕЛ,dimovasuze@yahoo.com,,Скопје,,https://smetkovoditeli.com.mk
ЛАГО КОНТО,lagokontodooel@yahoo.com,,Кочани,,https://smetkovoditeli.com.mk
ДАВИК БЗ КОНСАЛТИНГ,zlatko_blazeski@yahoo.com,,Скопје,,https://smetkovoditeli.com.mk
ЈУСТИЦИЈА СТАР,justicijakm@yahoo.com,,Скопје,,https://smetkovoditeli.com.mk
БИ ПРОМЕТ,info_konto@yahoo.com,,Скопје,,https://smetkovoditeli.com.mk
ТП ДРАМА ПАНЕВИ,stojance.panev@gmail.com,,Свети Николе,,https://smetkovoditeli.com.mk
