Залиха на роба во објект;;;;;;;;;;;;;;;;;;;;;;;;;;;;;;;;
;;;;;;;;;;;;;;;;;;;;;;;Од:;01.01.2026;;;;до:;;;17.03.2026;
Објекти:;;;;;;Сите;;;;;;;;;Категорија 2:;;;;;Сите;;;;;;;;;;;;
Вид документи:;;;;;;Сите;;;;;;;;;Производител:;;;;;Сите;;;;;;;;;;;;
Категорија:;;;;;;Сите;;;;;;;;;Вид артикал:;;;;;Сите;;;;;;;;;;;;
Подкатегорија:;;;;;;Сите;;;;;;;;;Дел од назив:;;;;;Сите;;;;;;;;;;;;
;Р.бр.; Шифра;;;Артикал;;;;;;;Мера;;Данок;;;Влез;;Излез;;;ФИФО;;;;Залиха;;;;Залиха вред.;;
;1;2464;;;BKS-стезен држач 3-13mm, без халоген,РА;;;;;;бр;;18%;;;1.700,00;;0,00;;;0,00;;;;1.700,00;;;;0,00;;;
;;;;;;;;;;;;;;;;;;;;;;;;;;;;;;;;
;2;2608;;;Cat 6A U/FTP LSZH;;;;;;мет;;18%;;;5.000,00;;0,00;;;0,00;;;;5.000,00;;;;0,00;;;
;;;;;;;;;;;;;;;;;;;;;;;;;;;;;;;;
;3;2455;;;Connector RJ45 CAT6;;;;;;бр;;18%;;;102,00;;0,00;;;0,00;;;;102,00;;;;0,00;;;
;;;;;;;;;;;;;;;;;;;;;;;;;;;;;;;;
;4;2447;;;DCN-BF4282-DL bullet IP video camera;;;;;;бр;;18%;;;12,00;;0,00;;;0,00;;;;12,00;;;;0,00;;;
;;;;;;;;;;;;;;;;;;;;;;;;;;;;;;;;
;5;2474;;;"dozna ЕС 195х152х70""";;;;;;бр;;18%;;;2,00;;0,00;;;0,00;;;;2,00;;;;0,00;;;
;;;;;;;;;;;;;;;;;;;;;;;;;;;;;;;;
;6;2446;;;DRN-1661R независен 16 канален NVR;;;;;;бр;;18%;;;1,00;;0,00;;;0,00;;;;1,00;;;;0,00;;;
;;;;;;;;;;;;;;;;;;;;;;;;;;;;;;;;
;7;2451;;;DVC DT47MG ''7'' TFT монитор без слушалка ''hands free'';;;;;;бр;;18%;;;1,00;;0,00;;;0,00;;;;1,00;;;;0,00;;;
;;;;;;;;;;;;;;;;;;;;;;;;;;;;;;;;
;8;2452;;;DVC PC7H напојување со вграден разделник (DVC DT-DPS);;;;;;бр;;18%;;;1,00;;0,00;;;0,00;;;;1,00;;;;0,00;;;
;;;;;;;;;;;;;;;;;;;;;;;;;;;;;;;;
;9;2456;;;DVC PoE switch-8P;;;;;;пар;;18%;;;1,00;;0,00;;;0,00;;;;1,00;;;;0,00;;;
;;;;;;;;;;;;;;;;;;;;;;;;;;;;;;;;
;10;2549;;;FRX приклучница бела боја;;;;;;бр;;18%;;;3,00;;0,00;;;0,00;;;;3,00;;;;0,00;;;
;;;;;;;;;;;;;;;;;;;;;;;;;;;;;;;;
;11;2417;;;HIKVISION DS-2CD1643GO-IZ 2.8mm IR Bullet 4MP 20fps;;;;;;бр;;18%;;;8,00;;0,00;;;0,00;;;;8,00;;;;0,00;;;
;;;;;;;;;;;;;;;;;;;;;;;;;;;;;;;;
;12;2304;;;HIKVISION DVR 16CH IDS-7216HQHI-M1/S;;;;;;бр;;18%;;;0,00;;1,00;;;0,00;;;;-1,00;;;;0,00;;;
;;;;;;;;;;;;;;;;;;;;;;;;;;;;;;;;
;13;2418;;;HIKVISION NVR 8CH DS-7608NXI-K1;;;;;;бр;;18%;;;1,00;;0,00;;;0,00;;;;1,00;;;;0,00;;;
;;;;;;;;;;;;;;;;;;;;;;;;;;;;;;;;
;14;2696;;;Keystone модули за Patch Панел RJ45 Cat6A/STP,Digitus;;;;;;бр;;18%;;;120,00;;0,00;;;0,00;;;;120,00;;;;0,00;;;
;;;;;;;;;;;;;;;;;;;;;;;;;;;;;;;;
;15;2453;;;LOCK EL Stainless Steel;;;;;;бр;;18%;;;1,00;;0,00;;;0,00;;;;1,00;;;;0,00;;;
;;;;;;;;;;;;;;;;;;;;;;;;;;;;;;;;
;16;2306;;;MULTIVIEW HS-120-12 230VAC 12V 10A power supply;;;;;;бр;;18%;;;0,00;;1,00;;;0,00;;;;-1,00;;;;0,00;;;
;;;;;;;;;;;;;;;;;;;;;;;;;;;;;;;;
;17;2682;;;N2XH-J 5x6mm2 MK;;;;;;мет;;18%;;;32,00;;0,00;;;0,00;;;;32,00;;;;0,00;;;
;;;;;;;;;;;;;;;;;;;;;;;;;;;;;;;;
;18;2695;;;Patch panel празен 1U 19 24P;;;;;;бр;;18%;;;5,00;;0,00;;;0,00;;;;5,00;;;;0,00;;;
;;;;;;;;;;;;;;;;;;;;;;;;;;;;;;;;
;19;2454;;;PS20VA/E SL. Transformator 220/16,5 Vac, 20VA;;;;;;бр;;18%;;;1,00;;0,00;;;0,00;;;;1,00;;;;0,00;;;
;;;;;;;;;;;;;;;;;;;;;;;;;;;;;;;;
;20;2504;;;Quick- држач М16, без халоген PP;;;;;;бр;;18%;;;2.000,00;;0,00;;;0,00;;;;2.000,00;;;;0,00;;;
;;;;;;;;;;;;;;;;;;;;;;;;;;;;;;;;
;21;2728;;;Quick-Pipe M16 комплет,Quick-цевка+Qick држач М16;;;;;;бр;;18%;;;4,00;;0,00;;;0,00;;;;4,00;;;;0,00;;;
;;;;;;;;;;;;;;;;;;;;;;;;;;;;;;;;
;22;2743;;;Quick-држач М25,без халоген ПП;;;;;;бр;;18%;;;400,00;;0,00;;;0,00;;;;400,00;;;;0,00;;;
;;;;;;;;;;;;;;;;;;;;;;;;;;;;;;;;
;23;2550;;;RJ 45 cat.6 STP Classia;;;;;;бр;;18%;;;20,00;;0,00;;;0,00;;;;20,00;;;;0,00;;;
;;;;;;;;;;;;;;;;;;;;;;;;;;;;;;;;
;24;2448;;;RO-9U 530x400 M Rack cabinet 9U 530x400mm;;;;;;бр;;18%;;;1,00;;0,00;;;0,00;;;;1,00;;;;0,00;;;
;;;;;;;;;;;;;;;;;;;;;;;;;;;;;;;;
;25;2684;;;"RST собир бакар виљус 63А""";;;;;;мет;;18%;;;3,00;;0,00;;;0,00;;;;3,00;;;;0,00;;;
;;;;;;;;;;;;;;;;;;;;;;;;;;;;;;;;
;26;2574;;;"RTS собир бакар виљус 63А""";;;;;;мет;;18%;;;1,00;;0,00;;;0,00;;;;1,00;;;;0,00;;;
;;;;;;;;;;;;;;;;;;;;;;;;;;;;;;;;
;27;2506;;;Vario клема за заземјување за армирање;;;;;;бр;;18%;;;380,00;;0,00;;;0,00;;;;380,00;;;;0,00;;;
;;;;;;;;;;;;;;;;;;;;;;;;;;;;;;;;
;28;2450;;;VC DT607/FE/ID/S1/RH надворешна повикувачка единица;;;;;;бр;;18%;;;1,00;;0,00;;;0,00;;;;1,00;;;;0,00;;;
;;;;;;;;;;;;;;;;;;;;;;;;;;;;;;;;
;29;2305;;;WD 1TB 3.5'' SATAIII 64MB PURPLE SURVEILLANCE WD10PURX;;;;;;бр;;5%;;;1,00;;0,00;;;0,00;;;;1,00;;;;0,00;;;
;;;;;;;;;;;;;;;;;;;;;;;;;;;;;;;;
;30;2449;;;WI-PS210G 250m Long-Range PoE Switch за CCTV;;;;;;бр;;18%;;;2,00;;0,00;;;0,00;;;;2,00;;;;0,00;;;
;;;;;;;;;;;;;;;;;;;;;;;;;;;;;;;;
;31;2395;;;авт осиг легранд 16А Б;;;;;;бр;;18%;;;24,00;;0,00;;;0,00;;;;24,00;;;;0,00;;;
;;;;;;;;;;;;;;;;;;;;;;;;;;;;;;;;
;32;155;;;Авт,осиг.Ц*16А 1п 6ка;;;;;;бр;;18%;;;1,00;;0,00;;;0,00;;;;1,00;;;;0,00;;;
;;;;;;;;;;;;;;;;;;;;;;;;;;;;;;;;
;33;2572;;;"Авт.осиг.""C"" 16A,1p 6kA Schrack";;;;;;бр;;18%;;;4,00;;0,00;;;0,00;;;;4,00;;;;0,00;;;
;;;;;;;;;;;;;;;;;;;;;;;;;;;;;;;;
;34;2571;;;"Авт.осиг.""C"" 16A,3p 6kA Schrack";;;;;;бр;;18%;;;3,00;;0,00;;;0,00;;;;3,00;;;;0,00;;;
;;;;;;;;;;;;;;;;;;;;;;;;;;;;;;;;
;35;2573;;;"Авт.осиг.""C"" 25A,3p 6kA Schrack";;;;;;бр;;18%;;;18,00;;0,00;;;0,00;;;;18,00;;;;0,00;;;
;;;;;;;;;;;;;;;;;;;;;;;;;;;;;;;;
;36;2570;;;"Авт.осиг.""C"" 40A,3p 6kA Schrack";;;;;;бр;;18%;;;1,00;;0,00;;;0,00;;;;1,00;;;;0,00;;;
;;;;;;;;;;;;;;;;;;;;;;;;;;;;;;;;
;37;2439;;;авт.осиг.Б 20А, 1п 6кА Schrack;;;;;;бр;;18%;;;3,00;;0,00;;;0,00;;;;3,00;;;;0,00;;;
;;;;;;;;;;;;;;;;;;;;;;;;;;;;;;;;
;38;1679;;;Авто.осигу.Ц 20а.3п 6ка ШсхрацкАМ61732;;;;;;бр;;18%;;;3,00;;0,00;;;0,00;;;;3,00;;;;0,00;;;
;;;;;;;;;;;;;;;;;;;;;;;;;;;;;;;;
;39;1830;;;Автом,осиг.Ц 16А .3п 6кА Schrack;;;;;;бр;;18%;;;1,00;;0,00;;;0,00;;;;1,00;;;;0,00;;;
;;;;;;;;;;;;;;;;;;;;;;;;;;;;;;;;
;40;2286;;;автом.осиг. Б 16А,1п 6кА Schrack;;;;;;бр;;18%;;;190,00;;0,00;;;0,00;;;;190,00;;;;0,00;;;
;;;;;;;;;;;;;;;;;;;;;;;;;;;;;;;;
;41;2372;;;автом.осиг. Б 16А,3п 6кА Schrack;;;;;;бр;;18%;;;4,00;;0,00;;;0,00;;;;4,00;;;;0,00;;;
;;;;;;;;;;;;;;;;;;;;;;;;;;;;;;;;
;42;2373;;;автом.осиг. Б 25А,3п 6кА Schrack;;;;;;бр;;18%;;;1,00;;0,00;;;0,00;;;;1,00;;;;0,00;;;
;;;;;;;;;;;;;;;;;;;;;;;;;;;;;;;;
;43;2402;;;автом.осиг. Ц 32А, 1п 6ка Schrack;;;;;;бр;;18%;;;3,00;;0,00;;;0,00;;;;3,00;;;;0,00;;;
;;;;;;;;;;;;;;;;;;;;;;;;;;;;;;;;
;44;2433;;;автом.осиг. Ц 32А, 3p 6kA Schrack;;;;;;бр;;18%;;;5,00;;0,00;;;0,00;;;;5,00;;;;0,00;;;
;;;;;;;;;;;;;;;;;;;;;;;;;;;;;;;;
;45;1008;;;Автом.осиг.Б 10А 1п 6ка сцхарк;;;;;;бр;;18%;;;30,00;;0,00;;;0,00;;;;30,00;;;;0,00;;;
;;;;;;;;;;;;;;;;;;;;;;;;;;;;;;;;
;46;2537;;;Автом.осигурач EZ9F 40A.C,3p-6ka Schnei;;;;;;бр;;18%;;;6,00;;0,00;;;0,00;;;;6,00;;;;0,00;;;
;;;;;;;;;;;;;;;;;;;;;;;;;;;;;;;;
;47;2710;;;Автоматски осигурач Б16А, 1П 6кА RX3 Legrand;;;;;;бр;;18%;;;14,00;;0,00;;;0,00;;;;14,00;;;;0,00;;;
;;;;;;;;;;;;;;;;;;;;;;;;;;;;;;;;
;48;672;;;Автоматски осигурач К60Н 1П Б10А;;;;;;бр;;18%;;;-2,00;;0,00;;;0,00;;;;-2,00;;;;0,00;;;
;;;;;;;;;;;;;;;;;;;;;;;;;;;;;;;;
;49;2494;;;Автоматски осигурувач C63A, 3P 6kA RX3 Legrand;;;;;;бр;;18%;;;1,00;;0,00;;;0,00;;;;1,00;;;;0,00;;;
;;;;;;;;;;;;;;;;;;;;;;;;;;;;;;;;
;50;2150;;;автоматски осигурувач Ц25А, 3П 6ка RX3 ;;;;;;бр;;18%;;;1,00;;0,00;;;0,00;;;;1,00;;;;0,00;;;
;;;;;;;;;;;;;;;;;;;;;;;;;;;;;;;;
;51;2152;;;автоматски осигурувач Ц32А, 3П 6ка RX3;;;;;;бр;;18%;;;3,00;;0,00;;;0,00;;;;3,00;;;;0,00;;;
;;;;;;;;;;;;;;;;;;;;;;;;;;;;;;;;
;52;1473;;;Адаптер со дно;;;;;;бр;;18%;;;4,00;;0,00;;;0,00;;;;4,00;;;;0,00;;;
;;;;;;;;;;;;;;;;;;;;;;;;;;;;;;;;
;53;2720;;;Адресабилен оптички јавувач на чад;;;;;;бр;;18%;;;37,00;;0,00;;;0,00;;;;37,00;;;;0,00;;;
;;;;;;;;;;;;;;;;;;;;;;;;;;;;;;;;
;54;2091;;;Адресабилен рачен јавувач на пож,;;;;;;бр;;18%;;;5,00;;0,00;;;0,00;;;;5,00;;;;0,00;;;
;;;;;;;;;;;;;;;;;;;;;;;;;;;;;;;;
;55;2719;;;Адресабилна модуларна ПП централа во Модуларно куќиште;;;;;;пар;;18%;;;1,00;;0,00;;;0,00;;;;1,00;;;;0,00;;;
;;;;;;;;;;;;;;;;;;;;;;;;;;;;;;;;
;56;2754;;;Адресибилен автоматски оптичко/термички детектор за дојава на пожар;;;;;;пар;;18%;;;158,00;;0,00;;;0,00;;;;158,00;;;;0,00;;;
;;;;;;;;;;;;;;;;;;;;;;;;;;;;;;;;
;57;2735;;;Адресибилен оптички јавувач на чад;;;;;;бр;;18%;;;6,00;;0,00;;;0,00;;;;6,00;;;;0,00;;;
;;;;;;;;;;;;;;;;;;;;;;;;;;;;;;;;
;58;2737;;;Адресибилен рачрн јавувач на пожар,црвен за внатреш.услови;;;;;;бр;;18%;;;4,00;;0,00;;;0,00;;;;4,00;;;;0,00;;;
;;;;;;;;;;;;;;;;;;;;;;;;;;;;;;;;
;59;2660;;;АС Склопка 63А, 3р,тип А, 36кА;;;;;;бр;;18%;;;2,00;;0,00;;;0,00;;;;2,00;;;;0,00;;;
;;;;;;;;;;;;;;;;;;;;;;;;;;;;;;;;
;60;2659;;;АС Склопка 80А, 3р,тип А, 36кА;;;;;;бр;;18%;;;1,00;;0,00;;;0,00;;;;1,00;;;;0,00;;;
;;;;;;;;;;;;;;;;;;;;;;;;;;;;;;;;
;61;2697;;;АС склопка DPX3 160 3P 40A 16kA,Legrand;;;;;;бр;;18%;;;1,00;;0,00;;;0,00;;;;1,00;;;;0,00;;;
;;;;;;;;;;;;;;;;;;;;;;;;;;;;;;;;
;62;2698;;;АС склопка DPX3 160 3P 63A 16kA,Legrand;;;;;;бр;;18%;;;2,00;;0,00;;;0,00;;;;2,00;;;;0,00;;;
;;;;;;;;;;;;;;;;;;;;;;;;;;;;;;;;
;63;2482;;;АС склопка DPX3 160 3P 80A 16kA;;;;;;бр;;18%;;;2,00;;0,00;;;0,00;;;;2,00;;;;0,00;;;
;;;;;;;;;;;;;;;;;;;;;;;;;;;;;;;;
;64;2699;;;АС склопка DPX3 3P 80A 16kA,Legrand;;;;;;бр;;18%;;;1,00;;0,00;;;0,00;;;;1,00;;;;0,00;;;
;;;;;;;;;;;;;;;;;;;;;;;;;;;;;;;;
;65;2397;;;безжичен тастер 4 канален моторлине професионал;;;;;;бр;;18%;;;2,00;;0,00;;;0,00;;;;2,00;;;;0,00;;;
;;;;;;;;;;;;;;;;;;;;;;;;;;;;;;;;
;66;2386;;;Везица 3.6*200 бела;;;;;;бр;;18%;;;200,00;;0,00;;;0,00;;;;200,00;;;;0,00;;;
;;;;;;;;;;;;;;;;;;;;;;;;;;;;;;;;
;67;2385;;;Везица 3.6*300 црна;;;;;;бр;;18%;;;200,00;;0,00;;;0,00;;;;200,00;;;;0,00;;;
;;;;;;;;;;;;;;;;;;;;;;;;;;;;;;;;
;68;172;;;Везици 3.6*250;;;;;;бр;;18%;;;200,00;;0,00;;;0,00;;;;200,00;;;;0,00;;;
;;;;;;;;;;;;;;;;;;;;;;;;;;;;;;;;
;69;2744;;;Везици 360х4,8мм;;;;;;бр;;18%;;;1.000,00;;0,00;;;0,00;;;;1.000,00;;;;0,00;;;
;;;;;;;;;;;;;;;;;;;;;;;;;;;;;;;;
;70;2475;;;Вертикална товарна склопка 400А за ХХ осиг. NHS(3 полна);;;;;;бр;;18%;;;1,00;;0,00;;;0,00;;;;1,00;;;;0,00;;;
;;;;;;;;;;;;;;;;;;;;;;;;;;;;;;;;
;71;1723;;;Вкрсна плочка 60х60;;;;;;бр;;18%;;;35,00;;0,00;;;0,00;;;;35,00;;;;0,00;;;
;;;;;;;;;;;;;;;;;;;;;;;;;;;;;;;;
;72;2079;;;Гал ститник;;;;;;бр;;18%;;;300,00;;0,00;;;0,00;;;;300,00;;;;0,00;;;
;;;;;;;;;;;;;;;;;;;;;;;;;;;;;;;;
;73;202;;;Гипс 2,5 кг-дигипс;;;;;;бр;;18%;;;4,00;;0,00;;;0,00;;;;4,00;;;;0,00;;;
;;;;;;;;;;;;;;;;;;;;;;;;;;;;;;;;
;74;2380;;;гипс електр кнауф;;;;;;бр;;18%;;;22,00;;0,00;;;0,00;;;;22,00;;;;0,00;;;
;;;;;;;;;;;;;;;;;;;;;;;;;;;;;;;;
;75;1162;;;Гребени 10-90 у 1п;;;;;;бр;;18%;;;3,00;;0,00;;;0,00;;;;3,00;;;;0,00;;;
;;;;;;;;;;;;;;;;;;;;;;;;;;;;;;;;
;76;2651;;;Дел за прекинувач држач;;;;;;бр;;18%;;;2,00;;0,00;;;0,00;;;;2,00;;;;0,00;;;
;;;;;;;;;;;;;;;;;;;;;;;;;;;;;;;;
;77;2071;;;Дин сина 7.5х35мм;;;;;;бр;;18%;;;10,00;;0,00;;;0,00;;;;10,00;;;;0,00;;;
;;;;;;;;;;;;;;;;;;;;;;;;;;;;;;;;
;78;2666;;;Дистриб.блок, 4п,100А, 2х25, 5х6;;;;;;бр;;18%;;;7,00;;0,00;;;0,00;;;;7,00;;;;0,00;;;
;;;;;;;;;;;;;;;;;;;;;;;;;;;;;;;;
;79;2709;;;Дистрибутивен блок 4P 160A, 2Л+2Д влезови 11Г и Д излези;;;;;;бр;;18%;;;1,00;;0,00;;;0,00;;;;1,00;;;;0,00;;;
;;;;;;;;;;;;;;;;;;;;;;;;;;;;;;;;
;80;2529;;;Дозна 105x105x45 за гипс картон;;;;;;бр;;18%;;;30,00;;0,00;;;0,00;;;;30,00;;;;0,00;;;
;;;;;;;;;;;;;;;;;;;;;;;;;;;;;;;;
;81;2530;;;Дозна 155x105x45 за гипс картон;;;;;;бр;;18%;;;10,00;;0,00;;;0,00;;;;10,00;;;;0,00;;;
;;;;;;;;;;;;;;;;;;;;;;;;;;;;;;;;
;82;2484;;;Дозна 3М гипс картон OLAN;;;;;;бр;;18%;;;1,00;;0,00;;;0,00;;;;1,00;;;;0,00;;;
;;;;;;;;;;;;;;;;;;;;;;;;;;;;;;;;
;83;2469;;;дозна 3М, 49mm во ѕид;;;;;;бр;;18%;;;30,00;;0,00;;;0,00;;;;30,00;;;;0,00;;;
;;;;;;;;;;;;;;;;;;;;;;;;;;;;;;;;
;84;2674;;;Дозна 4М 49мм, кнауф;;;;;;бр;;18%;;;50,00;;0,00;;;0,00;;;;50,00;;;;0,00;;;
;;;;;;;;;;;;;;;;;;;;;;;;;;;;;;;;
;85;2431;;;Дозна 4М гипс картон OLAN;;;;;;бр;;18%;;;25,00;;0,00;;;0,00;;;;25,00;;;;0,00;;;
;;;;;;;;;;;;;;;;;;;;;;;;;;;;;;;;
;86;2483;;;Дозна 4М за гипс картон, FAEG, FG10254;;;;;;бр;;18%;;;32,00;;0,00;;;0,00;;;;32,00;;;;0,00;;;
;;;;;;;;;;;;;;;;;;;;;;;;;;;;;;;;
;87;2470;;;дозна 4М, 49mm во ѕид;;;;;;бр;;18%;;;20,00;;0,00;;;0,00;;;;20,00;;;;0,00;;;
;;;;;;;;;;;;;;;;;;;;;;;;;;;;;;;;
;88;2524;;;Дозна 6/7М за гипс картон;;;;;;бр;;18%;;;12,00;;0,00;;;0,00;;;;12,00;;;;0,00;;;
;;;;;;;;;;;;;;;;;;;;;;;;;;;;;;;;
;89;2526;;;Дозна 6/8М со гумица 50mm  за гипс картон;;;;;;бр;;18%;;;5,00;;0,00;;;0,00;;;;5,00;;;;0,00;;;
;;;;;;;;;;;;;;;;;;;;;;;;;;;;;;;;
;90;2427;;;Дозна 6-7М гипс картон OLAN;;;;;;бр;;18%;;;16,00;;0,00;;;0,00;;;;16,00;;;;0,00;;;
;;;;;;;;;;;;;;;;;;;;;;;;;;;;;;;;
;91;2675;;;Дозна 7м 49мм, кнауф;;;;;;бр;;18%;;;10,00;;0,00;;;0,00;;;;10,00;;;;0,00;;;
;;;;;;;;;;;;;;;;;;;;;;;;;;;;;;;;
;92;2471;;;дозна 7М, 49mm во ѕид;;;;;;бр;;18%;;;20,00;;0,00;;;0,00;;;;20,00;;;;0,00;;;
;;;;;;;;;;;;;;;;;;;;;;;;;;;;;;;;
;93;2468;;;дозна fi 60;;;;;;бр;;18%;;;140,00;;0,00;;;0,00;;;;140,00;;;;0,00;;;
;;;;;;;;;;;;;;;;;;;;;;;;;;;;;;;;
;94;2472;;;дозна вградна 92x92x45 EC;;;;;;бр;;18%;;;25,00;;0,00;;;0,00;;;;25,00;;;;0,00;;;
;;;;;;;;;;;;;;;;;;;;;;;;;;;;;;;;
;95;2525;;;Дозна вградна F60 гипс;;;;;;бр;;18%;;;40,00;;0,00;;;0,00;;;;40,00;;;;0,00;;;
;;;;;;;;;;;;;;;;;;;;;;;;;;;;;;;;
;96;2473;;;"дозна ЕС 152х98х70""";;;;;;бр;;18%;;;15,00;;0,00;;;0,00;;;;15,00;;;;0,00;;;
;;;;;;;;;;;;;;;;;;;;;;;;;;;;;;;;
;97;2751;;;Дозна за гипс картон 3;;;;;;бр;;18%;;;1,00;;0,00;;;0,00;;;;1,00;;;;0,00;;;
;;;;;;;;;;;;;;;;;;;;;;;;;;;;;;;;
;98;2622;;;Дозна за гипс картон 3М;;;;;;бр;;18%;;;40,00;;0,00;;;0,00;;;;40,00;;;;0,00;;;
;;;;;;;;;;;;;;;;;;;;;;;;;;;;;;;;
;99;2750;;;Дозна за гипс картон 4;;;;;;бр;;18%;;;2,00;;0,00;;;0,00;;;;2,00;;;;0,00;;;
;;;;;;;;;;;;;;;;;;;;;;;;;;;;;;;;
;100;2621;;;Дозна за гипс картон 4М;;;;;;бр;;18%;;;3,00;;0,00;;;0,00;;;;3,00;;;;0,00;;;
;;;;;;;;;;;;;;;;;;;;;;;;;;;;;;;;
;101;2623;;;Дозна за гипс картон 6/7М;;;;;;бр;;18%;;;4,00;;0,00;;;0,00;;;;4,00;;;;0,00;;;
;;;;;;;;;;;;;;;;;;;;;;;;;;;;;;;;
;102;2612;;;Дозна за подна кутија 12/16 ;;;;;;бр;;18%;;;9,00;;0,00;;;0,00;;;;9,00;;;;0,00;;;
;;;;;;;;;;;;;;;;;;;;;;;;;;;;;;;;
;103;2610;;;Дозна за подна кутија 24М;;;;;;бр;;18%;;;21,00;;0,00;;;0,00;;;;21,00;;;;0,00;;;
;;;;;;;;;;;;;;;;;;;;;;;;;;;;;;;;
;104;2609;;;Дозна за подна кутија 24М ИНС52003;;;;;;бр;;18%;;;1,00;;0,00;;;0,00;;;;1,00;;;;0,00;;;
;;;;;;;;;;;;;;;;;;;;;;;;;;;;;;;;
;105;2613;;;Дозна за подна кутија 8М;;;;;;бр;;18%;;;1,00;;0,00;;;0,00;;;;1,00;;;;0,00;;;
;;;;;;;;;;;;;;;;;;;;;;;;;;;;;;;;
;106;2749;;;Дозна ОГ 110х110 БМ;;;;;;бр;;18%;;;1,00;;0,00;;;0,00;;;;1,00;;;;0,00;;;
;;;;;;;;;;;;;;;;;;;;;;;;;;;;;;;;
;107;2656;;;Дозна ОГ 80х80х45 КС.0029 Четсан;;;;;;бр;;18%;;;20,00;;0,00;;;0,00;;;;20,00;;;;0,00;;;
;;;;;;;;;;;;;;;;;;;;;;;;;;;;;;;;
;108;2642;;;Дозна ОГ со увод 80х80 сива;;;;;;бр;;18%;;;50,00;;0,00;;;0,00;;;;50,00;;;;0,00;;;
;;;;;;;;;;;;;;;;;;;;;;;;;;;;;;;;
;109;196;;;Дозна ф 60 гипс;;;;;;бр;;18%;;;2,00;;0,00;;;0,00;;;;2,00;;;;0,00;;;
;;;;;;;;;;;;;;;;;;;;;;;;;;;;;;;;
;110;2376;;;дозна Ф60 длабока;;;;;;бр;;18%;;;100,00;;0,00;;;0,00;;;;100,00;;;;0,00;;;
;;;;;;;;;;;;;;;;;;;;;;;;;;;;;;;;
;111;2565;;;Држач шуко за ДИН шина;;;;;;бр;;18%;;;4,00;;0,00;;;0,00;;;;4,00;;;;0,00;;;
;;;;;;;;;;;;;;;;;;;;;;;;;;;;;;;;
;112;2477;;;Електричарски гипс 2,5 кг;;;;;;пар;;18%;;;20,00;;0,00;;;0,00;;;;20,00;;;;0,00;;;
;;;;;;;;;;;;;;;;;;;;;;;;;;;;;;;;
;113;2467;;;Енергетски бакарен HF кабел N2XH 0,6/1kV 5x10,00 mm2;;;;;;мет;;18%;;;85,00;;0,00;;;0,00;;;;85,00;;;;0,00;;;
;;;;;;;;;;;;;;;;;;;;;;;;;;;;;;;;
;114;2478;;;Енергетски бакарен HF кабел N2XH 0,6/1kV 5x16,00 mm2;;;;;;мет;;18%;;;17,00;;0,00;;;0,00;;;;17,00;;;;0,00;;;
;;;;;;;;;;;;;;;;;;;;;;;;;;;;;;;;
;115;2126;;;ЕТИ авт осиг 16А Б;;;;;;бр;;18%;;;7,00;;0,00;;;0,00;;;;7,00;;;;0,00;;;
;;;;;;;;;;;;;;;;;;;;;;;;;;;;;;;;
;116;2379;;;ети авт осиг 20А Ц трополен;;;;;;бр;;18%;;;1,00;;0,00;;;0,00;;;;1,00;;;;0,00;;;
;;;;;;;;;;;;;;;;;;;;;;;;;;;;;;;;
;117;2199;;;ети фид склоп 63/0.3;;;;;;бр;;18%;;;1,00;;0,00;;;0,00;;;;1,00;;;;0,00;;;
;;;;;;;;;;;;;;;;;;;;;;;;;;;;;;;;
;118;2366;;;ети фид склоп 63/0.5;;;;;;бр;;18%;;;1,00;;0,00;;;0,00;;;;1,00;;;;0,00;;;
;;;;;;;;;;;;;;;;;;;;;;;;;;;;;;;;
;119;1653;;;ЕТХЕРНЕТ РАТСК ГОРД КАТ 5Е ФТП 1М;;;;;;бр;;18%;;;-5,00;;0,00;;;0,00;;;;-5,00;;;;0,00;;;
;;;;;;;;;;;;;;;;;;;;;;;;;;;;;;;;
;120;2566;;;Затега дистр. за СКС 16-25;;;;;;бр;;18%;;;12,00;;0,00;;;0,00;;;;12,00;;;;0,00;;;
;;;;;;;;;;;;;;;;;;;;;;;;;;;;;;;;
;121;2391;;;затегач за скс хоо 16 до 25;;;;;;бр;;18%;;;2,00;;0,00;;;0,00;;;;2,00;;;;0,00;;;
;;;;;;;;;;;;;;;;;;;;;;;;;;;;;;;;
;122;2652;;;Заштитна маска 3М ИП55;;;;;;бр;;18%;;;1,00;;0,00;;;0,00;;;;1,00;;;;0,00;;;
;;;;;;;;;;;;;;;;;;;;;;;;;;;;;;;;
;123;2723;;;Звоно за на шина Well-Electrics;;;;;;бр;;18%;;;1,00;;0,00;;;0,00;;;;1,00;;;;0,00;;;
;;;;;;;;;;;;;;;;;;;;;;;;;;;;;;;;
;124;84;;;изолир бел-вондер;;;;;;бр;;18%;;;5,00;;0,00;;;0,00;;;;5,00;;;;0,00;;;
;;;;;;;;;;;;;;;;;;;;;;;;;;;;;;;;
;125;48;;;Изолир црн-Вондер;;;;;;бр;;18%;;;20,00;;0,00;;;0,00;;;;20,00;;;;0,00;;;
;;;;;;;;;;;;;;;;;;;;;;;;;;;;;;;;
;126;2495;;;Инд.Ѕидна прокл. 63А, 3p+N+E, 380V IP66/67;;;;;;бр;;18%;;;1,00;;0,00;;;0,00;;;;1,00;;;;0,00;;;
;;;;;;;;;;;;;;;;;;;;;;;;;;;;;;;;
;127;2496;;;Инд.конект.машки 63А, 3p+N+E, 380V, IP66/67;;;;;;бр;;18%;;;1,00;;0,00;;;0,00;;;;1,00;;;;0,00;;;
;;;;;;;;;;;;;;;;;;;;;;;;;;;;;;;;
;128;1166;;;ИНД.УТИЧНИЦА ЗИДНА уко+уто 32а 5п;;;;;;бр;;18%;;;-1,00;;0,00;;;0,00;;;;-1,00;;;;0,00;;;
;;;;;;;;;;;;;;;;;;;;;;;;;;;;;;;;
;129;306;;;Инстал.конт.25а 4пол Сцхрацк;;;;;;бр;;18%;;;1,00;;0,00;;;0,00;;;;1,00;;;;0,00;;;
;;;;;;;;;;;;;;;;;;;;;;;;;;;;;;;;
;130;2462;;;Инсталациски HF пров. NHXMH 300/500V 3x1,50 mm2;;;;;;мет;;18%;;;2.000,00;;0,00;;;0,00;;;;2.000,00;;;;0,00;;;
;;;;;;;;;;;;;;;;;;;;;;;;;;;;;;;;
;131;2463;;;Инсталациски HF пров. NHXMH 300/500V 3x2,50 mm2;;;;;;мет;;18%;;;1.700,00;;0,00;;;0,00;;;;1.700,00;;;;0,00;;;
;;;;;;;;;;;;;;;;;;;;;;;;;;;;;;;;
;132;2672;;;Каб.пап.изол.окас Ф-8/6мм;;;;;;бр;;18%;;;100,00;;0,00;;;0,00;;;;100,00;;;;0,00;;;
;;;;;;;;;;;;;;;;;;;;;;;;;;;;;;;;
;133;2657;;;Кабел 2х2х0.80 за пожар црвен J-Y(st)Y CCA ONLI;;;;;;мет;;18%;;;25,00;;0,00;;;0,00;;;;25,00;;;;0,00;;;
;;;;;;;;;;;;;;;;;;;;;;;;;;;;;;;;
;134;2514;;;Кабел Cu подземен NYY (PP00) 1x16mm2 0,6/1kV;;;;;;мет;;18%;;;83,00;;0,00;;;0,00;;;;83,00;;;;0,00;;;
;;;;;;;;;;;;;;;;;;;;;;;;;;;;;;;;
;135;2515;;;Кабел Cu подземен NYY (PP00) 3x1,5mm2 0.6/1kV;;;;;;мет;;18%;;;1.302,00;;0,00;;;0,00;;;;1.302,00;;;;0,00;;;
;;;;;;;;;;;;;;;;;;;;;;;;;;;;;;;;
;136;2532;;;Кабел Cu подземен NYY (PP00) 3x2,5mm2 0,6/1kV;;;;;;мет;;18%;;;700,00;;0,00;;;0,00;;;;700,00;;;;0,00;;;
;;;;;;;;;;;;;;;;;;;;;;;;;;;;;;;;
;137;2516;;;Кабел Cu подземен NYY (PP00) 5x1,50mm2 0.6/1kV;;;;;;мет;;18%;;;80,00;;0,00;;;0,00;;;;80,00;;;;0,00;;;
;;;;;;;;;;;;;;;;;;;;;;;;;;;;;;;;
;138;2146;;;кабел Cu подземен NYY (PP00) 5x16,00mm2 0.6/1kV;;;;;;мет;;18%;;;60,00;;0,00;;;0,00;;;;60,00;;;;0,00;;;
;;;;;;;;;;;;;;;;;;;;;;;;;;;;;;;;
;139;2533;;;Кабел Cu подземен NYY (PP00) 5x2,5mm2 0.6/1kV;;;;;;мет;;18%;;;236,00;;0,00;;;0,00;;;;236,00;;;;0,00;;;
;;;;;;;;;;;;;;;;;;;;;;;;;;;;;;;;
;140;2147;;;кабел Cu подземен NYY (PP00) 5x6,00mm2 0.6/1kV;;;;;;мет;;18%;;;35,00;;0,00;;;0,00;;;;35,00;;;;0,00;;;
;;;;;;;;;;;;;;;;;;;;;;;;;;;;;;;;
;141;2493;;;Кабел Cu подземен NYY(PP00) 4x16,00mm2 0.6/kV;;;;;;мет;;18%;;;63,00;;0,00;;;0,00;;;;63,00;;;;0,00;;;
;;;;;;;;;;;;;;;;;;;;;;;;;;;;;;;;
;142;2513;;;Кабел Cu подземен NYY(PP00) 4x25mm2 0,6/1kV;;;;;;мет;;18%;;;80,00;;0,00;;;0,00;;;;80,00;;;;0,00;;;
;;;;;;;;;;;;;;;;;;;;;;;;;;;;;;;;
;143;2479;;;Кабел Cu подземен NYY(PP00) 4x35mm2 0.6/1kV;;;;;;мет;;18%;;;45,00;;0,00;;;0,00;;;;45,00;;;;0,00;;;
;;;;;;;;;;;;;;;;;;;;;;;;;;;;;;;;
;144;2689;;;Кабел Cu подземен NYY(PP00) 4x50mm2 0.6/1kV;;;;;;мет;;18%;;;45,00;;0,00;;;0,00;;;;45,00;;;;0,00;;;
;;;;;;;;;;;;;;;;;;;;;;;;;;;;;;;;
;145;2569;;;Кабел FTP Cat 6 4p PVC;;;;;;мет;;18%;;;103,00;;0,00;;;0,00;;;;103,00;;;;0,00;;;
;;;;;;;;;;;;;;;;;;;;;;;;;;;;;;;;
;146;2683;;;Кабел JB-Y(ST)Y 2x2x0.8 црвен;;;;;;мет;;18%;;;100,00;;0,00;;;0,00;;;;100,00;;;;0,00;;;
;;;;;;;;;;;;;;;;;;;;;;;;;;;;;;;;
;147;2733;;;Кабел JEH(st)H 2x2x0.8mm FE 180;;;;;;мет;;18%;;;800,00;;0,00;;;0,00;;;;800,00;;;;0,00;;;
;;;;;;;;;;;;;;;;;;;;;;;;;;;;;;;;
;148;2649;;;Кабел NYM 3х1,5;;;;;;мет;;18%;;;2.500,00;;0,00;;;0,00;;;;2.500,00;;;;0,00;;;
;;;;;;;;;;;;;;;;;;;;;;;;;;;;;;;;
;149;2650;;;Кабел NYM 3х2,5;;;;;;мет;;18%;;;4.100,00;;0,00;;;0,00;;;;4.100,00;;;;0,00;;;
;;;;;;;;;;;;;;;;;;;;;;;;;;;;;;;;
;150;2676;;;Кабел NYM 5x2,5;;;;;;мет;;18%;;;600,00;;0,00;;;0,00;;;;600,00;;;;0,00;;;
;;;;;;;;;;;;;;;;;;;;;;;;;;;;;;;;
;151;2399;;;Кабел NYM-J (PP) 3x1.50 mm2;;;;;;мет;;18%;;;1.100,00;;0,00;;;0,00;;;;1.100,00;;;;0,00;;;
;;;;;;;;;;;;;;;;;;;;;;;;;;;;;;;;
;152;2400;;;Кабел NYM-J (PP) 3x2.50 mm2;;;;;;мет;;18%;;;3.900,00;;0,00;;;0,00;;;;3.900,00;;;;0,00;;;
;;;;;;;;;;;;;;;;;;;;;;;;;;;;;;;;
;153;2401;;;Кабел NYM-J (PP) 5x2.50 mm2;;;;;;мет;;18%;;;100,00;;0,00;;;0,00;;;;100,00;;;;0,00;;;
;;;;;;;;;;;;;;;;;;;;;;;;;;;;;;;;
;154;2681;;;Кабел NYY-J ( E-YY-J ) 5x4;;;;;;мет;;18%;;;60,00;;0,00;;;0,00;;;;60,00;;;;0,00;;;
;;;;;;;;;;;;;;;;;;;;;;;;;;;;;;;;
;155;2729;;;Кабел NYY-J 3X1.5mm;;;;;;мет;;18%;;;1.500,00;;0,00;;;0,00;;;;1.500,00;;;;0,00;;;
;;;;;;;;;;;;;;;;;;;;;;;;;;;;;;;;
;156;2730;;;Кабел NYY-J 3X2.5mm;;;;;;мет;;18%;;;986,00;;0,00;;;0,00;;;;986,00;;;;0,00;;;
;;;;;;;;;;;;;;;;;;;;;;;;;;;;;;;;
;157;2407;;;Кабел NYY-J 4 x35.00 mm2;;;;;;мет;;18%;;;85,00;;0,00;;;0,00;;;;85,00;;;;0,00;;;
;;;;;;;;;;;;;;;;;;;;;;;;;;;;;;;;
;158;2606;;;Кабел PP00 5x10 бакар Зденка;;;;;;мет;;18%;;;70,00;;0,00;;;0,00;;;;70,00;;;;0,00;;;
;;;;;;;;;;;;;;;;;;;;;;;;;;;;;;;;
;159;2731;;;Кабел PP-Y 3x1.5mm;;;;;;мет;;18%;;;500,00;;0,00;;;0,00;;;;500,00;;;;0,00;;;
;;;;;;;;;;;;;;;;;;;;;;;;;;;;;;;;
;160;2732;;;Кабел PP-Y 3x2.5mm;;;;;;мет;;18%;;;500,00;;0,00;;;0,00;;;;500,00;;;;0,00;;;
;;;;;;;;;;;;;;;;;;;;;;;;;;;;;;;;
;161;2686;;;Кабел инсталац. NYM (PP) 3x1,5mm2 300/500V;;;;;;бр;;18%;;;900,00;;0,00;;;0,00;;;;900,00;;;;0,00;;;
;;;;;;;;;;;;;;;;;;;;;;;;;;;;;;;;
;162;2221;;;кабел инсталац. NYM(PP) 3x1,50 mm2 300/500V;;;;;;бр;;18%;;;600,00;;0,00;;;0,00;;;;600,00;;;;0,00;;;
;;;;;;;;;;;;;;;;;;;;;;;;;;;;;;;;
;163;2220;;;кабел инсталац. NYM(PP) 3x2,50 mm2 300/500V;;;;;;мет;;18%;;;1.100,00;;0,00;;;0,00;;;;1.100,00;;;;0,00;;;
;;;;;;;;;;;;;;;;;;;;;;;;;;;;;;;;
;164;2715;;;кабел инсталац. NYM(PP) 5x2,50mm2 300/500V;;;;;;мет;;18%;;;100,00;;0,00;;;0,00;;;;100,00;;;;0,00;;;
;;;;;;;;;;;;;;;;;;;;;;;;;;;;;;;;
;165;2099;;;Кабел НУУ-Ј 5Х16М2;;;;;;бр;;18%;;;55,00;;0,00;;;0,00;;;;55,00;;;;0,00;;;
;;;;;;;;;;;;;;;;;;;;;;;;;;;;;;;;
;166;2416;;;Кабел пап.за гмечење 25/8;;;;;;бр;;18%;;;8,00;;0,00;;;0,00;;;;8,00;;;;0,00;;;
;;;;;;;;;;;;;;;;;;;;;;;;;;;;;;;;
;167;2536;;;Кабел пап.на гмечење 16/8;;;;;;бр;;18%;;;32,00;;0,00;;;0,00;;;;32,00;;;;0,00;;;
;;;;;;;;;;;;;;;;;;;;;;;;;;;;;;;;
;168;2539;;;Кабел пап.на гмечење 35/8;;;;;;бр;;18%;;;30,00;;0,00;;;0,00;;;;30,00;;;;0,00;;;
;;;;;;;;;;;;;;;;;;;;;;;;;;;;;;;;
;169;2419;;;кабел папуча Al-Cu на гмечење 16/10;;;;;;бр;;18%;;;3,00;;0,00;;;0,00;;;;3,00;;;;0,00;;;
;;;;;;;;;;;;;;;;;;;;;;;;;;;;;;;;
;170;2411;;;Кабел папуча GR 25/8;;;;;;бр;;18%;;;2,00;;0,00;;;0,00;;;;2,00;;;;0,00;;;
;;;;;;;;;;;;;;;;;;;;;;;;;;;;;;;;
;171;2412;;;Кабел папуча GR 35/8;;;;;;бр;;18%;;;8,00;;0,00;;;0,00;;;;8,00;;;;0,00;;;
;;;;;;;;;;;;;;;;;;;;;;;;;;;;;;;;
;172;2724;;;Кабел папуча за гмечење Cu 16/8 KOR;;;;;;бр;;18%;;;4,00;;0,00;;;0,00;;;;4,00;;;;0,00;;;
;;;;;;;;;;;;;;;;;;;;;;;;;;;;;;;;
;173;2249;;;Кабел папуча за гмечење Cu 25/8 KOR;;;;;;бр;;18%;;;10,00;;0,00;;;0,00;;;;10,00;;;;0,00;;;
;;;;;;;;;;;;;;;;;;;;;;;;;;;;;;;;
;174;2254;;;Кабел папуча на гмечење 35/8;;;;;;мет;;18%;;;-4,00;;0,00;;;0,00;;;;-4,00;;;;0,00;;;
;;;;;;;;;;;;;;;;;;;;;;;;;;;;;;;;
;175;2499;;;Кабел папуча на гмечење Cu 25/12 KOR;;;;;;пар;;18%;;;10,00;;0,00;;;0,00;;;;10,00;;;;0,00;;;
;;;;;;;;;;;;;;;;;;;;;;;;;;;;;;;;
;176;1374;;;Кабел пгп 3 2.5;;;;;;мет;;18%;;;1.300,00;;0,00;;;0,00;;;;1.300,00;;;;0,00;;;
;;;;;;;;;;;;;;;;;;;;;;;;;;;;;;;;
;177;622;;;кабел ПГП 3*1,5 - Зденка;;;;;;бр;;18%;;;3.200,00;;0,00;;;0,00;;;;3.200,00;;;;0,00;;;
;;;;;;;;;;;;;;;;;;;;;;;;;;;;;;;;
;178;600;;;Кабел ПГП 3*2,5 - Зденка;;;;;;бр;;18%;;;2.100,00;;0,00;;;0,00;;;;2.100,00;;;;0,00;;;
;;;;;;;;;;;;;;;;;;;;;;;;;;;;;;;;
;179;2365;;;кабел пгп 4 1.5;;;;;;мет;;18%;;;50,00;;0,00;;;0,00;;;;50,00;;;;0,00;;;
;;;;;;;;;;;;;;;;;;;;;;;;;;;;;;;;
;180;2534;;;Кабел ПГП 5 6;;;;;;мет;;18%;;;100,00;;0,00;;;0,00;;;;100,00;;;;0,00;;;
;;;;;;;;;;;;;;;;;;;;;;;;;;;;;;;;
;181;2182;;;кабел ПГП 5х2,5 ;;;;;;мет;;18%;;;700,00;;0,00;;;0,00;;;;700,00;;;;0,00;;;
;;;;;;;;;;;;;;;;;;;;;;;;;;;;;;;;
;182;145;;;Кабел ПГП 5Џ10-Зденка;;;;;;бр;;18%;;;43,00;;0,00;;;0,00;;;;43,00;;;;0,00;;;
;;;;;;;;;;;;;;;;;;;;;;;;;;;;;;;;
;183;2266;;;кабел ПП/Ј 3х1,5 ;;;;;;мет;;18%;;;300,00;;0,00;;;0,00;;;;300,00;;;;0,00;;;
;;;;;;;;;;;;;;;;;;;;;;;;;;;;;;;;
;184;2620;;;Кабел ПП00 5x6 бакар Зденка;;;;;;мет;;18%;;;15,00;;0,00;;;0,00;;;;15,00;;;;0,00;;;
;;;;;;;;;;;;;;;;;;;;;;;;;;;;;;;;
;185;299;;;Кабел ПП00 5Х16;;;;;;МЕТ;;18%;;;75,00;;0,00;;;0,00;;;;75,00;;;;0,00;;;
;;;;;;;;;;;;;;;;;;;;;;;;;;;;;;;;
;186;2383;;;кабел ППЈ 3 2,5;;;;;;мет;;18%;;;100,00;;0,00;;;0,00;;;;100,00;;;;0,00;;;
;;;;;;;;;;;;;;;;;;;;;;;;;;;;;;;;
;187;1130;;;КАБЕЛ ПП-У-3Х1.5;;;;;;бр;;18%;;;0,31;;0,00;;;0,00;;;;0,31;;;;0,00;;;
;;;;;;;;;;;;;;;;;;;;;;;;;;;;;;;;
;188;2389;;;кабел ХООА 4х16;;;;;;мет;;18%;;;40,00;;0,00;;;0,00;;;;40,00;;;;0,00;;;
;;;;;;;;;;;;;;;;;;;;;;;;;;;;;;;;
;189;2692;;;Канал 12 12 нов;;;;;;бр;;18%;;;4,00;;0,00;;;0,00;;;;4,00;;;;0,00;;;
;;;;;;;;;;;;;;;;;;;;;;;;;;;;;;;;
;190;1897;;;КАНАЛ 40 25 НОВ;;;;;;бр;;18%;;;6,00;;0,00;;;0,00;;;;6,00;;;;0,00;;;
;;;;;;;;;;;;;;;;;;;;;;;;;;;;;;;;
;191;2396;;;канал поден 75 18;;;;;;бр;;18%;;;16,00;;0,00;;;0,00;;;;16,00;;;;0,00;;;
;;;;;;;;;;;;;;;;;;;;;;;;;;;;;;;;
;192;2594;;;Капак 1м бел Легранд;;;;;;бр;;18%;;;20,00;;0,00;;;0,00;;;;20,00;;;;0,00;;;
;;;;;;;;;;;;;;;;;;;;;;;;;;;;;;;;
;193;2510;;;капак за носач на кабли DRLU 100 DD,прекриено со цинк и алуминиум;;;;;;мет;;18%;;;375,00;;0,00;;;0,00;;;;375,00;;;;0,00;;;
;;;;;;;;;;;;;;;;;;;;;;;;;;;;;;;;
;194;2511;;;капак за носач на кабли DRLU 200 DD,прекриено со цинк и алуминиум ;;;;;;мет;;18%;;;24,00;;0,00;;;0,00;;;;24,00;;;;0,00;;;
;;;;;;;;;;;;;;;;;;;;;;;;;;;;;;;;
;195;2368;;;Кедер (трака) за заштита на рабови;;;;;;мет;;18%;;;80,00;;0,00;;;0,00;;;;80,00;;;;0,00;;;
;;;;;;;;;;;;;;;;;;;;;;;;;;;;;;;;
;196;2663;;;"КЗС ""Б"" 10А, 1П+Н,30мА, 6кА";;;;;;бр;;18%;;;4,00;;0,00;;;0,00;;;;4,00;;;;0,00;;;
;;;;;;;;;;;;;;;;;;;;;;;;;;;;;;;;
;197;2414;;;КЗС Б 10/0.03 ЛС-ФИ 6кА тип А;;;;;;бр;;18%;;;3,00;;0,00;;;0,00;;;;3,00;;;;0,00;;;
;;;;;;;;;;;;;;;;;;;;;;;;;;;;;;;;
;198;2437;;;Клема 4пол, 2х16mm2+6x16mm;;;;;;пар;;18%;;;2,00;;0,00;;;0,00;;;;2,00;;;;0,00;;;
;;;;;;;;;;;;;;;;;;;;;;;;;;;;;;;;
;199;2668;;;Клема зелена 1х35-6х16 ЕС;;;;;;бр;;18%;;;6,00;;0,00;;;0,00;;;;6,00;;;;0,00;;;
;;;;;;;;;;;;;;;;;;;;;;;;;;;;;;;;
;200;2667;;;Клема плава 1х35-6х16 ЕС;;;;;;бр;;18%;;;6,00;;0,00;;;0,00;;;;6,00;;;;0,00;;;
;;;;;;;;;;;;;;;;;;;;;;;;;;;;;;;;
;201;2673;;;Кнауф дозна Фи60;;;;;;бр;;18%;;;35,00;;0,00;;;0,00;;;;35,00;;;;0,00;;;
;;;;;;;;;;;;;;;;;;;;;;;;;;;;;;;;
;202;2722;;;Комбинирана алармна неадресибилна сирена со светлечки ефект;;;;;;бр;;18%;;;4,00;;0,00;;;0,00;;;;4,00;;;;0,00;;;
;;;;;;;;;;;;;;;;;;;;;;;;;;;;;;;;
;203;1070;;;Компј -прик.конек,кат 5 униселде;;;;;;бр;;18%;;;-5,00;;0,00;;;0,00;;;;-5,00;;;;0,00;;;
;;;;;;;;;;;;;;;;;;;;;;;;;;;;;;;;
;204;2687;;;Компј.приклучница RJ45, UTP Cat6, Classia;;;;;;бр;;18%;;;20,00;;0,00;;;0,00;;;;20,00;;;;0,00;;;
;;;;;;;;;;;;;;;;;;;;;;;;;;;;;;;;
;205;2678;;;Компјутерски 6 кат.фтп;;;;;;мет;;18%;;;500,00;;0,00;;;0,00;;;;500,00;;;;0,00;;;
;;;;;;;;;;;;;;;;;;;;;;;;;;;;;;;;
;206;2466;;;Компјутерски кабел U/FTP 4p LSHF Cat.6 UC400 S23 500DW ;;;;;;мет;;18%;;;1.940,00;;0,00;;;0,00;;;;1.940,00;;;;0,00;;;
;;;;;;;;;;;;;;;;;;;;;;;;;;;;;;;;
;207;2631;;;Конектор RJ45 cat6;;;;;;бр;;18%;;;81,00;;0,00;;;0,00;;;;81,00;;;;0,00;;;
;;;;;;;;;;;;;;;;;;;;;;;;;;;;;;;;
;208;1600;;;Конектор компјутерски РЈ45;;;;;;бр;;18%;;;-10,00;;0,00;;;0,00;;;;-10,00;;;;0,00;;;
;;;;;;;;;;;;;;;;;;;;;;;;;;;;;;;;
;209;2388;;;конзола MWA 12 11 FS, B110mm;;;;;;бр;;18%;;;30,00;;0,00;;;0,00;;;;30,00;;;;0,00;;;
;;;;;;;;;;;;;;;;;;;;;;;;;;;;;;;;
;210;2333;;;кровен носач за громобрански вод,8-10мм, 159 К-VA челик;;;;;;бр;;18%;;;360,00;;0,00;;;0,00;;;;360,00;;;;0,00;;;
;;;;;;;;;;;;;;;;;;;;;;;;;;;;;;;;
;211;2406;;;кровен носач на громобрански вод, 157 ФК-ВА;;;;;;бр;;18%;;;-440,00;;0,00;;;0,00;;;;-440,00;;;;0,00;;;
;;;;;;;;;;;;;;;;;;;;;;;;;;;;;;;;
;212;2404;;;крстаста сонда за заземјување 1.5м со приклучна плочка;;;;;;бр;;18%;;;8,00;;0,00;;;0,00;;;;8,00;;;;0,00;;;
;;;;;;;;;;;;;;;;;;;;;;;;;;;;;;;;
;213;2507;;;кружен проводник 10mm RD 10-ALU;;;;;;бр;;18%;;;95,00;;0,00;;;0,00;;;;95,00;;;;0,00;;;
;;;;;;;;;;;;;;;;;;;;;;;;;;;;;;;;
;214;2432;;;кружен проводник 8mm,RD 8-ALU;;;;;;мет;;18%;;;150,00;;0,00;;;0,00;;;;150,00;;;;0,00;;;
;;;;;;;;;;;;;;;;;;;;;;;;;;;;;;;;
;215;2707;;;Лед лента 220В 120Диоди 3000К;;;;;;бр;;18%;;;45,00;;0,00;;;0,00;;;;45,00;;;;0,00;;;
;;;;;;;;;;;;;;;;;;;;;;;;;;;;;;;;
;216;2715;;;Лед лустер црн 40цм;;;;;;бр;;18%;;;5,00;;0,00;;;0,00;;;;5,00;;;;0,00;;;
;;;;;;;;;;;;;;;;;;;;;;;;;;;;;;;;
;217;2703;;;Лед панел 45В угр вм 42;;;;;;бр;;18%;;;5,00;;0,00;;;0,00;;;;5,00;;;;0,00;;;
;;;;;;;;;;;;;;;;;;;;;;;;;;;;;;;;
;218;2377;;;лед панел 48В ОГ коцка 42 Б;;;;;;бр;;18%;;;8,00;;0,00;;;0,00;;;;8,00;;;;0,00;;;
;;;;;;;;;;;;;;;;;;;;;;;;;;;;;;;;
;219;2212;;;лед реф 50В 6500К ВТЕК;;;;;;бр;;18%;;;3,00;;0,00;;;0,00;;;;3,00;;;;0,00;;;
;;;;;;;;;;;;;;;;;;;;;;;;;;;;;;;;
;220;2704;;;Лед рефлектор 50В 6500К вега;;;;;;бр;;18%;;;5,00;;0,00;;;0,00;;;;5,00;;;;0,00;;;
;;;;;;;;;;;;;;;;;;;;;;;;;;;;;;;;
;221;2757;;;Линиска карта за поврзување на елементите од ПП системот;;;;;;бр;;18%;;;1,00;;0,00;;;0,00;;;;1,00;;;;0,00;;;
;;;;;;;;;;;;;;;;;;;;;;;;;;;;;;;;
;222;2662;;;Луксомат форел со сонда надворешна;;;;;;бр;;18%;;;1,00;;0,00;;;0,00;;;;1,00;;;;0,00;;;
;;;;;;;;;;;;;;;;;;;;;;;;;;;;;;;;
;223;2558;;;Маска 2/1м Classia бела;;;;;;бр;;18%;;;20,00;;0,00;;;0,00;;;;20,00;;;;0,00;;;
;;;;;;;;;;;;;;;;;;;;;;;;;;;;;;;;
;224;2562;;;Маска 2М Classia Црна мат;;;;;;бр;;18%;;;1,00;;0,00;;;0,00;;;;1,00;;;;0,00;;;
;;;;;;;;;;;;;;;;;;;;;;;;;;;;;;;;
;225;2721;;;Маска 2М антрацит Classia;;;;;;бр;;18%;;;8,00;;0,00;;;0,00;;;;8,00;;;;0,00;;;
;;;;;;;;;;;;;;;;;;;;;;;;;;;;;;;;
;226;2488;;;Маска 2М бела Classia;;;;;;бр;;18%;;;73,00;;0,00;;;0,00;;;;73,00;;;;0,00;;;
;;;;;;;;;;;;;;;;;;;;;;;;;;;;;;;;
;227;2487;;;Маска 3М бела Classia;;;;;;бр;;18%;;;25,00;;0,00;;;0,00;;;;25,00;;;;0,00;;;
;;;;;;;;;;;;;;;;;;;;;;;;;;;;;;;;
;228;2424;;;Маска 4М бела Classia;;;;;;бр;;18%;;;17,00;;0,00;;;0,00;;;;17,00;;;;0,00;;;
;;;;;;;;;;;;;;;;;;;;;;;;;;;;;;;;
;229;2426;;;Маска 7М бела Classia;;;;;;бр;;18%;;;34,00;;0,00;;;0,00;;;;34,00;;;;0,00;;;
;;;;;;;;;;;;;;;;;;;;;;;;;;;;;;;;
;230;2422;;;Маска единечна бела Niloe;;;;;;бр;;18%;;;14,00;;0,00;;;0,00;;;;14,00;;;;0,00;;;
;;;;;;;;;;;;;;;;;;;;;;;;;;;;;;;;
;231;2430;;;Маска слепа 1М бела ;;;;;;бр;;18%;;;10,00;;0,00;;;0,00;;;;10,00;;;;0,00;;;
;;;;;;;;;;;;;;;;;;;;;;;;;;;;;;;;
;232;2398;;;Метален водоотпорен со тастатура безжичен тастер;;;;;;бр;;18%;;;1,00;;0,00;;;0,00;;;;1,00;;;;0,00;;;
;;;;;;;;;;;;;;;;;;;;;;;;;;;;;;;;
;233;2700;;;Метален ормар 1000/800/260, IP66 со данце;;;;;;бр;;18%;;;1,00;;0,00;;;0,00;;;;1,00;;;;0,00;;;
;;;;;;;;;;;;;;;;;;;;;;;;;;;;;;;;
;234;2481;;;Метален ормар ATLANTIC IP66, 600x400x200mm;;;;;;бр;;18%;;;1,00;;0,00;;;0,00;;;;1,00;;;;0,00;;;
;;;;;;;;;;;;;;;;;;;;;;;;;;;;;;;;
;235;2717;;;Метална типла МКТ-Е М8;;;;;;бр;;18%;;;200,00;;0,00;;;0,00;;;;200,00;;;;0,00;;;
;;;;;;;;;;;;;;;;;;;;;;;;;;;;;;;;
;236;965;;;Метално изол.флек,црево;;;;;;бр;;18%;;;-32,00;;0,00;;;0,00;;;;-32,00;;;;0,00;;;
;;;;;;;;;;;;;;;;;;;;;;;;;;;;;;;;
;237;2693;;;Метално изолирано црево, Ф14мм Мутлусан;;;;;;мет;;18%;;;150,00;;0,00;;;0,00;;;;150,00;;;;0,00;;;
;;;;;;;;;;;;;;;;;;;;;;;;;;;;;;;;
;238;2685;;;Метално црево изолирано Ф35;;;;;;мет;;18%;;;17,00;;0,00;;;0,00;;;;17,00;;;;0,00;;;
;;;;;;;;;;;;;;;;;;;;;;;;;;;;;;;;
;239;1887;;;Метално Црево изолирано Ф40;;;;;;бр;;18%;;;8,00;;0,00;;;0,00;;;;8,00;;;;0,00;;;
;;;;;;;;;;;;;;;;;;;;;;;;;;;;;;;;
;240;1902;;;ММ ОГ АП шУКО;;;;;;бр;;18%;;;6,00;;0,00;;;0,00;;;;6,00;;;;0,00;;;
;;;;;;;;;;;;;;;;;;;;;;;;;;;;;;;;
;241;2706;;;ММ ОГ сет К об прек;;;;;;бр;;18%;;;1,00;;0,00;;;0,00;;;;1,00;;;;0,00;;;
;;;;;;;;;;;;;;;;;;;;;;;;;;;;;;;;
;242;2705;;;ММ ОГ сет К сер прек;;;;;;бр;;18%;;;1,00;;0,00;;;0,00;;;;1,00;;;;0,00;;;
;;;;;;;;;;;;;;;;;;;;;;;;;;;;;;;;
;243;2296;;;мм ог сет к шуко;;;;;;бр;;18%;;;24,00;;0,00;;;0,00;;;;24,00;;;;0,00;;;
;;;;;;;;;;;;;;;;;;;;;;;;;;;;;;;;
;244;2746;;;Модул 1М полнило;;;;;;бр;;18%;;;20,00;;0,00;;;0,00;;;;20,00;;;;0,00;;;
;;;;;;;;;;;;;;;;;;;;;;;;;;;;;;;;
;245;2745;;;Модул 2М полнило;;;;;;бр;;18%;;;12,00;;0,00;;;0,00;;;;12,00;;;;0,00;;;
;;;;;;;;;;;;;;;;;;;;;;;;;;;;;;;;
;246;2630;;;Модул RJ45 1M keystone NU946018 бел;;;;;;бр;;18%;;;81,00;;0,00;;;0,00;;;;81,00;;;;0,00;;;
;;;;;;;;;;;;;;;;;;;;;;;;;;;;;;;;
;247;2578;;;Навојна шипка М8 1м ТМ8 100;;;;;;бр;;18%;;;250,00;;0,00;;;0,00;;;;250,00;;;;0,00;;;
;;;;;;;;;;;;;;;;;;;;;;;;;;;;;;;;
;248;2508;;;Накрсна спојка,8-10hFL30, челик 252;;;;;;бр;;18%;;;20,00;;0,00;;;0,00;;;;20,00;;;;0,00;;;
;;;;;;;;;;;;;;;;;;;;;;;;;;;;;;;;
;249;2523;;;Негорив HF кабел NHXH-FE 180/E90 0,6/1kV;;;;;;мет;;18%;;;190,00;;0,00;;;0,00;;;;190,00;;;;0,00;;;
;;;;;;;;;;;;;;;;;;;;;;;;;;;;;;;;
;250;2252;;;ножасти осигурувач NVO00C 100/63;;;;;;бр;;18%;;;3,00;;0,00;;;0,00;;;;3,00;;;;0,00;;;
;;;;;;;;;;;;;;;;;;;;;;;;;;;;;;;;
;251;2712;;;Ножест осигурувач NH00, 160А;;;;;;бр;;18%;;;3,00;;0,00;;;0,00;;;;3,00;;;;0,00;;;
;;;;;;;;;;;;;;;;;;;;;;;;;;;;;;;;
;252;2476;;;Ножест осигурувач NH2, 200A, Никдим;;;;;;пар;;18%;;;3,00;;0,00;;;0,00;;;;3,00;;;;0,00;;;
;;;;;;;;;;;;;;;;;;;;;;;;;;;;;;;;
;253;2544;;;Носач 2м со жабици;;;;;;бр;;18%;;;95,00;;0,00;;;0,00;;;;95,00;;;;0,00;;;
;;;;;;;;;;;;;;;;;;;;;;;;;;;;;;;;
;254;2546;;;Носач 7М;;;;;;бр;;18%;;;31,00;;0,00;;;0,00;;;;31,00;;;;0,00;;;
;;;;;;;;;;;;;;;;;;;;;;;;;;;;;;;;
;255;2405;;;носач на громобрански вод за олук,8-10мм;;;;;;бр;;18%;;;7,00;;0,00;;;0,00;;;;7,00;;;;0,00;;;
;;;;;;;;;;;;;;;;;;;;;;;;;;;;;;;;
;256;2726;;;носач на кабли за големи растојанија WKSG 140 FS,перфор;;;;;;мет;;18%;;;6,00;;0,00;;;0,00;;;;6,00;;;;0,00;;;
;;;;;;;;;;;;;;;;;;;;;;;;;;;;;;;;
;257;2390;;;обрач за бандера;;;;;;бр;;18%;;;1,00;;0,00;;;0,00;;;;1,00;;;;0,00;;;
;;;;;;;;;;;;;;;;;;;;;;;;;;;;;;;;
;258;2568;;;Обрач за бандера F-250;;;;;;бр;;18%;;;6,00;;0,00;;;0,00;;;;6,00;;;;0,00;;;
;;;;;;;;;;;;;;;;;;;;;;;;;;;;;;;;
;259;2288;;;ОГ дозна 100*100*70 К;;;;;;бр;;18%;;;1,00;;0,00;;;0,00;;;;1,00;;;;0,00;;;
;;;;;;;;;;;;;;;;;;;;;;;;;;;;;;;;
;260;2438;;;ОГ-шуко штекер Н.К;;;;;;пар;;18%;;;8,00;;0,00;;;0,00;;;;8,00;;;;0,00;;;
;;;;;;;;;;;;;;;;;;;;;;;;;;;;;;;;
;261;2538;;;Ормар ABS ОГ IP65 800х600х280 сива;;;;;;бр;;18%;;;1,00;;0,00;;;0,00;;;;1,00;;;;0,00;;;
;;;;;;;;;;;;;;;;;;;;;;;;;;;;;;;;
;262;2085;;;Ормар абс ог ип 65 300х400х170сива;;;;;;бр;;18%;;;1,00;;0,00;;;0,00;;;;1,00;;;;0,00;;;
;;;;;;;;;;;;;;;;;;;;;;;;;;;;;;;;
;263;2436;;;Ормар метален 1000x600x260 IP;;;;;;бр;;18%;;;2,00;;0,00;;;0,00;;;;2,00;;;;0,00;;;
;;;;;;;;;;;;;;;;;;;;;;;;;;;;;;;;
;264;2658;;;Ормар метален 1000х800х260 IP;;;;;;бр;;18%;;;2,00;;0,00;;;0,00;;;;2,00;;;;0,00;;;
;;;;;;;;;;;;;;;;;;;;;;;;;;;;;;;;
;265;2441;;;ормар метален 400х300х155 IP6;;;;;;бр;;18%;;;1,00;;0,00;;;0,00;;;;1,00;;;;0,00;;;
;;;;;;;;;;;;;;;;;;;;;;;;;;;;;;;;
;266;2440;;;ормар метален 600х400х210 IP6;;;;;;бр;;18%;;;1,00;;0,00;;;0,00;;;;1,00;;;;0,00;;;
;;;;;;;;;;;;;;;;;;;;;;;;;;;;;;;;
;267;2702;;;Ормар пластичен ОГ 500х400х180 со данцеIP67;;;;;;бр;;18%;;;1,00;;0,00;;;0,00;;;;1,00;;;;0,00;;;
;;;;;;;;;;;;;;;;;;;;;;;;;;;;;;;;
;268;2597;;;Осигурач автоматски B 16A 1P 6KA Легранд;;;;;;бр;;18%;;;34,00;;0,00;;;0,00;;;;34,00;;;;0,00;;;
;;;;;;;;;;;;;;;;;;;;;;;;;;;;;;;;
;269;2601;;;Осигурач автоматски C 16A 3P 6KA Легранд;;;;;;бр;;18%;;;1,00;;0,00;;;0,00;;;;1,00;;;;0,00;;;
;;;;;;;;;;;;;;;;;;;;;;;;;;;;;;;;
;270;2598;;;Осигурач автоматски C 25A 1P 6KA Легранд;;;;;;бр;;18%;;;1,00;;0,00;;;0,00;;;;1,00;;;;0,00;;;
;;;;;;;;;;;;;;;;;;;;;;;;;;;;;;;;
;271;2599;;;Осигурач автоматски C 25A 3P 6KA Легранд;;;;;;бр;;18%;;;1,00;;0,00;;;0,00;;;;1,00;;;;0,00;;;
;;;;;;;;;;;;;;;;;;;;;;;;;;;;;;;;
;272;2604;;;Осигурач автоматски C 32A 3P 6KA Легранд;;;;;;бр;;18%;;;1,00;;0,00;;;0,00;;;;1,00;;;;0,00;;;
;;;;;;;;;;;;;;;;;;;;;;;;;;;;;;;;
;273;2596;;;Осигурач автоматски Б 10А 1P 6KA Легранд;;;;;;бр;;18%;;;8,00;;0,00;;;0,00;;;;8,00;;;;0,00;;;
;;;;;;;;;;;;;;;;;;;;;;;;;;;;;;;;
;274;2680;;;Осигурач Б32А 3П;;;;;;бр;;18%;;;1,00;;0,00;;;0,00;;;;1,00;;;;0,00;;;
;;;;;;;;;;;;;;;;;;;;;;;;;;;;;;;;
;275;2285;;;П/Ф проводник 6мм2/кафена;;;;;;мет;;18%;;;100,00;;0,00;;;0,00;;;;100,00;;;;0,00;;;
;;;;;;;;;;;;;;;;;;;;;;;;;;;;;;;;
;276;2671;;;П/Ф проводник 6мм2/плава;;;;;;мет;;18%;;;100,00;;0,00;;;0,00;;;;100,00;;;;0,00;;;
;;;;;;;;;;;;;;;;;;;;;;;;;;;;;;;;
;277;2664;;;Паник ЛЕД 0.5W ознака exit;;;;;;бр;;18%;;;4,00;;0,00;;;0,00;;;;4,00;;;;0,00;;;
;;;;;;;;;;;;;;;;;;;;;;;;;;;;;;;;
;278;2665;;;Паник ЛЕД 0.5W ознака лево/десно;;;;;;бр;;18%;;;16,00;;0,00;;;0,00;;;;16,00;;;;0,00;;;
;;;;;;;;;;;;;;;;;;;;;;;;;;;;;;;;
;279;2669;;;Паник ЛЕД 0.5W, ознака надолу;;;;;;бр;;18%;;;13,00;;0,00;;;0,00;;;;13,00;;;;0,00;;;
;;;;;;;;;;;;;;;;;;;;;;;;;;;;;;;;
;280;712;;;Папуча 16/8 на гмечење-138;;;;;;бр;;18%;;;-4,00;;0,00;;;0,00;;;;-4,00;;;;0,00;;;
;;;;;;;;;;;;;;;;;;;;;;;;;;;;;;;;
;281;2415;;;Патрони NVOO-80A;;;;;;бр;;18%;;;3,00;;0,00;;;0,00;;;;3,00;;;;0,00;;;
;;;;;;;;;;;;;;;;;;;;;;;;;;;;;;;;
;282;2501;;;Перфориран носач на кабли RKSM 610 FT,топлопоцинкувано;;;;;;мет;;18%;;;375,00;;0,00;;;0,00;;;;375,00;;;;0,00;;;
;;;;;;;;;;;;;;;;;;;;;;;;;;;;;;;;
;283;2502;;;Перфориран носач на кабли RKSM 620FT, топлопоцинкувано;;;;;;мет;;18%;;;24,00;;0,00;;;0,00;;;;24,00;;;;0,00;;;
;;;;;;;;;;;;;;;;;;;;;;;;;;;;;;;;
;284;2716;;;Перфориран носач на кабли, RKSM 615 FS;;;;;;мет;;18%;;;30,00;;0,00;;;0,00;;;;30,00;;;;0,00;;;
;;;;;;;;;;;;;;;;;;;;;;;;;;;;;;;;
;285;2206;;;перфориран носач на кабли, РКСМ 610 ФС;;;;;;бр;;18%;;;555,00;;0,00;;;0,00;;;;555,00;;;;0,00;;;
;;;;;;;;;;;;;;;;;;;;;;;;;;;;;;;;
;286;2144;;;перфориран носач на кабли, РКСМ 620 ФС;;;;;;мет;;18%;;;30,00;;0,00;;;0,00;;;;30,00;;;;0,00;;;
;;;;;;;;;;;;;;;;;;;;;;;;;;;;;;;;
;287;2714;;;Перфорирана трака гехоцк 12 нењ;;;;;;бр;;18%;;;4,00;;0,00;;;0,00;;;;4,00;;;;0,00;;;
;;;;;;;;;;;;;;;;;;;;;;;;;;;;;;;;
;288;2374;;;Пластичен ормар IP65 60х80х26;;;;;;бр;;18%;;;1,00;;0,00;;;0,00;;;;1,00;;;;0,00;;;
;;;;;;;;;;;;;;;;;;;;;;;;;;;;;;;;
;289;2522;;;Пластична цевка HF Ф20/17.3 320N;;;;;;мет;;18%;;;519,00;;0,00;;;0,00;;;;519,00;;;;0,00;;;
;;;;;;;;;;;;;;;;;;;;;;;;;;;;;;;;
;290;2738;;;Пластична цевка HFFR F16/13,4 320N сива 3/57m;;;;;;мет;;18%;;;765,00;;0,00;;;0,00;;;;765,00;;;;0,00;;;
;;;;;;;;;;;;;;;;;;;;;;;;;;;;;;;;
;291;2741;;;Пластично самогасиво црево Ф25/18,5 320Н 50m;;;;;;мет;;18%;;;600,00;;0,00;;;0,00;;;;600,00;;;;0,00;;;
;;;;;;;;;;;;;;;;;;;;;;;;;;;;;;;;
;292;2742;;;Пластично црево 16-Б црвено;;;;;;мет;;18%;;;600,00;;0,00;;;0,00;;;;600,00;;;;0,00;;;
;;;;;;;;;;;;;;;;;;;;;;;;;;;;;;;;
;293;2756;;;Плочка со натпис;;;;;;пар;;18%;;;158,00;;0,00;;;0,00;;;;158,00;;;;0,00;;;
;;;;;;;;;;;;;;;;;;;;;;;;;;;;;;;;
;294;2605;;;Плочка унакрсна за громобран 70х70 за јаже;;;;;;бр;;18%;;;1,00;;0,00;;;0,00;;;;1,00;;;;0,00;;;
;;;;;;;;;;;;;;;;;;;;;;;;;;;;;;;;
;295;2575;;;ПНК канал 100х3000 FPK 410 06 PG;;;;;;мет;;18%;;;132,00;;0,00;;;0,00;;;;132,00;;;;0,00;;;
;;;;;;;;;;;;;;;;;;;;;;;;;;;;;;;;
;296;2576;;;ПНК канал 200x3000 FPK 420 07 PG;;;;;;мет;;18%;;;120,00;;0,00;;;0,00;;;;120,00;;;;0,00;;;
;;;;;;;;;;;;;;;;;;;;;;;;;;;;;;;;
;297;2486;;;Подлошка 2М Classia;;;;;;бр;;18%;;;7,00;;0,00;;;0,00;;;;7,00;;;;0,00;;;
;;;;;;;;;;;;;;;;;;;;;;;;;;;;;;;;
;298;2584;;;Подлошка 2м за Ф60 Легранд;;;;;;бр;;18%;;;32,00;;0,00;;;0,00;;;;32,00;;;;0,00;;;
;;;;;;;;;;;;;;;;;;;;;;;;;;;;;;;;
;299;2636;;;Подлошка 2М НУ7002Г метална;;;;;;бр;;18%;;;28,00;;0,00;;;0,00;;;;28,00;;;;0,00;;;
;;;;;;;;;;;;;;;;;;;;;;;;;;;;;;;;
;300;2545;;;Подлошка 3М;;;;;;пар;;18%;;;26,00;;0,00;;;0,00;;;;26,00;;;;0,00;;;
;;;;;;;;;;;;;;;;;;;;;;;;;;;;;;;;
;301;2485;;;Подлошка 3М Classia;;;;;;бр;;18%;;;3,00;;0,00;;;0,00;;;;3,00;;;;0,00;;;
;;;;;;;;;;;;;;;;;;;;;;;;;;;;;;;;
;302;2586;;;Подлошка 3м Легранд;;;;;;бр;;18%;;;6,00;;0,00;;;0,00;;;;6,00;;;;0,00;;;
;;;;;;;;;;;;;;;;;;;;;;;;;;;;;;;;
;303;2643;;;Подлошка 3М НУ7103П;;;;;;бр;;18%;;;31,00;;0,00;;;0,00;;;;31,00;;;;0,00;;;
;;;;;;;;;;;;;;;;;;;;;;;;;;;;;;;;
;304;2423;;;Подлошка 4М Classia;;;;;;бр;;18%;;;17,00;;0,00;;;0,00;;;;17,00;;;;0,00;;;
;;;;;;;;;;;;;;;;;;;;;;;;;;;;;;;;
;305;2582;;;Подлошка 4М Легранд;;;;;;бр;;18%;;;24,00;;0,00;;;0,00;;;;24,00;;;;0,00;;;
;;;;;;;;;;;;;;;;;;;;;;;;;;;;;;;;
;306;2637;;;Подлошка 4М НУ7104П;;;;;;бр;;18%;;;48,00;;0,00;;;0,00;;;;48,00;;;;0,00;;;
;;;;;;;;;;;;;;;;;;;;;;;;;;;;;;;;
;307;2648;;;Подлошка 4М студио НУ210418 бела;;;;;;бр;;18%;;;1,00;;0,00;;;0,00;;;;1,00;;;;0,00;;;
;;;;;;;;;;;;;;;;;;;;;;;;;;;;;;;;
;308;2425;;;Подлошка 7М Classia;;;;;;бр;;18%;;;3,00;;0,00;;;0,00;;;;3,00;;;;0,00;;;
;;;;;;;;;;;;;;;;;;;;;;;;;;;;;;;;
;309;2580;;;Подлошка 7М Легранд;;;;;;бр;;18%;;;10,00;;0,00;;;0,00;;;;10,00;;;;0,00;;;
;;;;;;;;;;;;;;;;;;;;;;;;;;;;;;;;
;310;2638;;;Подлошка 7М НУ7107;;;;;;бр;;18%;;;8,00;;0,00;;;0,00;;;;8,00;;;;0,00;;;
;;;;;;;;;;;;;;;;;;;;;;;;;;;;;;;;
;311;2627;;;Подна кутија 12М ИНС52122;;;;;;бр;;18%;;;9,00;;0,00;;;0,00;;;;9,00;;;;0,00;;;
;;;;;;;;;;;;;;;;;;;;;;;;;;;;;;;;
;312;2611;;;Подна кутија 24М ИНС52126;;;;;;бр;;18%;;;22,00;;0,00;;;0,00;;;;22,00;;;;0,00;;;
;;;;;;;;;;;;;;;;;;;;;;;;;;;;;;;;
;313;2628;;;Подна кутија 8М ИНС52120;;;;;;бр;;18%;;;1,00;;0,00;;;0,00;;;;1,00;;;;0,00;;;
;;;;;;;;;;;;;;;;;;;;;;;;;;;;;;;;
;314;2721;;;Подножје за адресабилен детектор на пожар;;;;;;бр;;18%;;;37,00;;0,00;;;0,00;;;;37,00;;;;0,00;;;
;;;;;;;;;;;;;;;;;;;;;;;;;;;;;;;;
;315;2736;;;Подножје за адресибилен детектор за пожар;;;;;;бр;;18%;;;6,00;;0,00;;;0,00;;;;6,00;;;;0,00;;;
;;;;;;;;;;;;;;;;;;;;;;;;;;;;;;;;
;316;2755;;;Подножје за детектор за дојава на пожар;;;;;;пар;;18%;;;158,00;;0,00;;;0,00;;;;158,00;;;;0,00;;;
;;;;;;;;;;;;;;;;;;;;;;;;;;;;;;;;
;317;2541;;;Потпора за шиндра рамна;;;;;;бр;;18%;;;250,00;;0,00;;;0,00;;;;250,00;;;;0,00;;;
;;;;;;;;;;;;;;;;;;;;;;;;;;;;;;;;
;318;2542;;;Потпора за шиндра увртена;;;;;;бр;;18%;;;100,00;;0,00;;;0,00;;;;100,00;;;;0,00;;;
;;;;;;;;;;;;;;;;;;;;;;;;;;;;;;;;
;319;1143;;;Поцинкована трака 30х4;;;;;;бр;;18%;;;-795,90;;0,00;;;0,00;;;;-795,90;;;;0,00;;;
;;;;;;;;;;;;;;;;;;;;;;;;;;;;;;;;
;320;2758;;;Поцинкована трака 4х30 кг;;;;;;кг;;18%;;;256,40;;0,00;;;0,00;;;;256,40;;;;0,00;;;
;;;;;;;;;;;;;;;;;;;;;;;;;;;;;;;;
;321;1101;;;Поцинку.трака 25х4;;;;;;кг;;18%;;;-342,00;;0,00;;;0,00;;;;-342,00;;;;0,00;;;
;;;;;;;;;;;;;;;;;;;;;;;;;;;;;;;;
;322;2540;;;Поцинкувана вкрсна плочка 60х60 ЕС;;;;;;бр;;18%;;;136,00;;0,00;;;0,00;;;;136,00;;;;0,00;;;
;;;;;;;;;;;;;;;;;;;;;;;;;;;;;;;;
;323;2375;;;Поцинкувана трака 25х3;;;;;;бр;;18%;;;49,50;;0,00;;;0,00;;;;49,50;;;;0,00;;;
;;;;;;;;;;;;;;;;;;;;;;;;;;;;;;;;
;324;2444;;;ПП апарат ПА-9кг прашак АБЦ;;;;;;бр;;18%;;;3,00;;0,00;;;0,00;;;;3,00;;;;0,00;;;
;;;;;;;;;;;;;;;;;;;;;;;;;;;;;;;;
;325;2445;;;ПП апарат СО2-2кг;;;;;;бр;;18%;;;2,00;;0,00;;;0,00;;;;2,00;;;;0,00;;;
;;;;;;;;;;;;;;;;;;;;;;;;;;;;;;;;
;326;2677;;;ПП00 5х10;;;;;;мет;;18%;;;45,00;;0,00;;;0,00;;;;45,00;;;;0,00;;;
;;;;;;;;;;;;;;;;;;;;;;;;;;;;;;;;
;327;2632;;;Празен модул 1М НУ986518 бел;;;;;;бр;;18%;;;130,00;;0,00;;;0,00;;;;130,00;;;;0,00;;;
;;;;;;;;;;;;;;;;;;;;;;;;;;;;;;;;
;328;2607;;;Прекидач наизменичен 1м бел 10А Легранд;;;;;;бр;;18%;;;4,00;;0,00;;;0,00;;;;4,00;;;;0,00;;;
;;;;;;;;;;;;;;;;;;;;;;;;;;;;;;;;
;329;2593;;;Прекидач наизменичен 1м бел Легранд;;;;;;бр;;18%;;;16,00;;0,00;;;0,00;;;;16,00;;;;0,00;;;
;;;;;;;;;;;;;;;;;;;;;;;;;;;;;;;;
;330;2592;;;Прекидач обичен 1м бел Легранд;;;;;;бр;;18%;;;30,00;;0,00;;;0,00;;;;30,00;;;;0,00;;;
;;;;;;;;;;;;;;;;;;;;;;;;;;;;;;;;
;331;285;;;прекинувач;;;;;;бр;;18%;;;6,00;;0,00;;;0,00;;;;6,00;;;;0,00;;;
;;;;;;;;;;;;;;;;;;;;;;;;;;;;;;;;
;332;2552;;;Прекинувач 1М наизменичен;;;;;;пар;;18%;;;43,00;;0,00;;;0,00;;;;43,00;;;;0,00;;;
;;;;;;;;;;;;;;;;;;;;;;;;;;;;;;;;
;333;2551;;;Прекинувач 1М обичен Classia;;;;;;пар;;18%;;;99,00;;0,00;;;0,00;;;;99,00;;;;0,00;;;
;;;;;;;;;;;;;;;;;;;;;;;;;;;;;;;;
;334;2747;;;Прекинувач вкрсен 1;;;;;;бр;;18%;;;1,00;;0,00;;;0,00;;;;1,00;;;;0,00;;;
;;;;;;;;;;;;;;;;;;;;;;;;;;;;;;;;
;335;2647;;;Прекинувач вкрстен 1М НУ310518 10А бел;;;;;;бр;;18%;;;2,00;;0,00;;;0,00;;;;2,00;;;;0,00;;;
;;;;;;;;;;;;;;;;;;;;;;;;;;;;;;;;
;336;2555;;;Прекинувач за ролетни 1М бел;;;;;;пар;;18%;;;5,00;;0,00;;;0,00;;;;5,00;;;;0,00;;;
;;;;;;;;;;;;;;;;;;;;;;;;;;;;;;;;
;337;2646;;;Прекинувач наизменичен 1М НУ310318 10А бел;;;;;;бр;;18%;;;16,00;;0,00;;;0,00;;;;16,00;;;;0,00;;;
;;;;;;;;;;;;;;;;;;;;;;;;;;;;;;;;
;338;2492;;;Прекинувач наизменичен бел, 1М, 10А, 1p Classia;;;;;;бр;;18%;;;2,00;;0,00;;;0,00;;;;2,00;;;;0,00;;;
;;;;;;;;;;;;;;;;;;;;;;;;;;;;;;;;
;339;2645;;;Прекинувач обичен 1М НУ310118 10А бел;;;;;;бр;;18%;;;65,00;;0,00;;;0,00;;;;65,00;;;;0,00;;;
;;;;;;;;;;;;;;;;;;;;;;;;;;;;;;;;
;340;2563;;;Прекинувач обичен 1М црн;;;;;;бр;;18%;;;2,00;;0,00;;;0,00;;;;2,00;;;;0,00;;;
;;;;;;;;;;;;;;;;;;;;;;;;;;;;;;;;
;341;2490;;;Прекинувач обичен бел, 1М, 10А, 1p Classia;;;;;;бр;;18%;;;4,00;;0,00;;;0,00;;;;4,00;;;;0,00;;;
;;;;;;;;;;;;;;;;;;;;;;;;;;;;;;;;
;342;2653;;;Прекинувач обичен С;;;;;;бр;;18%;;;1,00;;0,00;;;0,00;;;;1,00;;;;0,00;;;
;;;;;;;;;;;;;;;;;;;;;;;;;;;;;;;;
;343;2421;;;Прекинувач сериски бел 10А Niloe;;;;;;бр;;18%;;;2,00;;0,00;;;0,00;;;;2,00;;;;0,00;;;
;;;;;;;;;;;;;;;;;;;;;;;;;;;;;;;;
;344;2491;;;Прекинувач унакрсен бел 1М, 10А, 1p Classia;;;;;;бр;;18%;;;1,00;;0,00;;;0,00;;;;1,00;;;;0,00;;;
;;;;;;;;;;;;;;;;;;;;;;;;;;;;;;;;
;345;2719;;;Приклуч.шуко со капак бела IP20,2P+E,16A,2M Classia;;;;;;бр;;18%;;;8,00;;0,00;;;0,00;;;;8,00;;;;0,00;;;
;;;;;;;;;;;;;;;;;;;;;;;;;;;;;;;;
;346;2720;;;Приклуч.шуко со капак црна IP20,2P+E,16A,2M Classia;;;;;;бр;;18%;;;4,00;;0,00;;;0,00;;;;4,00;;;;0,00;;;
;;;;;;;;;;;;;;;;;;;;;;;;;;;;;;;;
;347;2701;;;Приклучница ОГ II monofazna SET-Q;;;;;;бр;;18%;;;16,00;;0,00;;;0,00;;;;16,00;;;;0,00;;;
;;;;;;;;;;;;;;;;;;;;;;;;;;;;;;;;
;348;2370;;;приклучница ОГ дупла керамика мини штрафење;;;;;;бр;;18%;;;10,00;;0,00;;;0,00;;;;10,00;;;;0,00;;;
;;;;;;;;;;;;;;;;;;;;;;;;;;;;;;;;
;349;2371;;;приклучница ОГ трофазна сет Q штрафење;;;;;;бр;;18%;;;2,00;;0,00;;;0,00;;;;2,00;;;;0,00;;;
;;;;;;;;;;;;;;;;;;;;;;;;;;;;;;;;
;350;2518;;;Приклучница ОФ 2P+E,16A, IP55 Сива;;;;;;бр;;18%;;;12,00;;0,00;;;0,00;;;;12,00;;;;0,00;;;
;;;;;;;;;;;;;;;;;;;;;;;;;;;;;;;;
;351;2489;;;Приклучница шуко 2P+E Итал.станд.16А, 1М бела Classia;;;;;;бр;;18%;;;2,00;;0,00;;;0,00;;;;2,00;;;;0,00;;;
;;;;;;;;;;;;;;;;;;;;;;;;;;;;;;;;
;352;2420;;;Приклучница шуко 2P+E, бела Niloe;;;;;;бр;;18%;;;12,00;;0,00;;;0,00;;;;12,00;;;;0,00;;;
;;;;;;;;;;;;;;;;;;;;;;;;;;;;;;;;
;353;2428;;;Приклучница шуко бела 2P+E 16A 2M бела Classia;;;;;;бр;;18%;;;30,00;;0,00;;;0,00;;;;30,00;;;;0,00;;;
;;;;;;;;;;;;;;;;;;;;;;;;;;;;;;;;
;354;2654;;;Пров.H03VV-F;;;;;;бр;;18%;;;2,00;;0,00;;;0,00;;;;2,00;;;;0,00;;;
;;;;;;;;;;;;;;;;;;;;;;;;;;;;;;;;
;355;2408;;;Пров.H07V-K (P/F) 1x 25.00 mm2;;;;;;мет;;18%;;;90,00;;0,00;;;0,00;;;;90,00;;;;0,00;;;
;;;;;;;;;;;;;;;;;;;;;;;;;;;;;;;;
;356;2465;;;Пров.лицнаст H03VV-F(PP/L) 5x0,75 mm2 300/300V;;;;;;мет;;18%;;;100,00;;0,00;;;0,00;;;;100,00;;;;0,00;;;
;;;;;;;;;;;;;;;;;;;;;;;;;;;;;;;;
;357;2480;;;Пров.лицнаст H07V-K (P/F) 450/750V 1x25,00mm2 жолто зелена;;;;;;мет;;18%;;;115,00;;0,00;;;0,00;;;;115,00;;;;0,00;;;
;;;;;;;;;;;;;;;;;;;;;;;;;;;;;;;;
;358;2517;;;Пров.лицнаст H07V-K(P/F) 450/750V 1x6,00mm2 жолто зелена;;;;;;мет;;18%;;;50,00;;0,00;;;0,00;;;;50,00;;;;0,00;;;
;;;;;;;;;;;;;;;;;;;;;;;;;;;;;;;;
;359;2717;;;Пров.лицнаст H07V-K(P/F) 450/750V 1x95,00mm2 жолто зелена;;;;;;мет;;18%;;;10,00;;0,00;;;0,00;;;;10,00;;;;0,00;;;
;;;;;;;;;;;;;;;;;;;;;;;;;;;;;;;;
;360;2716;;;Пров.лицнаст H07V-K(P/F) 450/750V 1x95,00mm2 црна;;;;;;мет;;18%;;;10,00;;0,00;;;0,00;;;;10,00;;;;0,00;;;
;;;;;;;;;;;;;;;;;;;;;;;;;;;;;;;;
;361;2392;;;проводник п/ф 35;;;;;;мет;;18%;;;25,00;;0,00;;;0,00;;;;25,00;;;;0,00;;;
;;;;;;;;;;;;;;;;;;;;;;;;;;;;;;;;
;362;2713;;;Профил за лед лента алу-цн-б-џс;;;;;;бр;;18%;;;46,00;;0,00;;;0,00;;;;46,00;;;;0,00;;;
;;;;;;;;;;;;;;;;;;;;;;;;;;;;;;;;
;363;2334;;;профилна шина C2518, перфорирана со отвор 17мм поцинковано;;;;;;бр;;18%;;;20,00;;0,00;;;0,00;;;;20,00;;;;0,00;;;
;;;;;;;;;;;;;;;;;;;;;;;;;;;;;;;;
;364;2413;;;развод ОГ кутија IP 44/66  200x155x80;;;;;;бр;;18%;;;2,00;;0,00;;;0,00;;;;2,00;;;;0,00;;;
;;;;;;;;;;;;;;;;;;;;;;;;;;;;;;;;
;365;2503;;;Разводна кутија Т60 со 7 отвори без халоген светло сива;;;;;;бр;;18%;;;5,00;;0,00;;;0,00;;;;5,00;;;;0,00;;;
;;;;;;;;;;;;;;;;;;;;;;;;;;;;;;;;
;366;2748;;;Рамка 2/3М бела;;;;;;бр;;18%;;;22,00;;0,00;;;0,00;;;;22,00;;;;0,00;;;
;;;;;;;;;;;;;;;;;;;;;;;;;;;;;;;;
;367;2585;;;Рамка 2м крем/стен Легранд;;;;;;бр;;18%;;;32,00;;0,00;;;0,00;;;;32,00;;;;0,00;;;
;;;;;;;;;;;;;;;;;;;;;;;;;;;;;;;;
;368;2633;;;Рамка 2М студио НУ200218 бела;;;;;;бр;;18%;;;28,00;;0,00;;;0,00;;;;28,00;;;;0,00;;;
;;;;;;;;;;;;;;;;;;;;;;;;;;;;;;;;
;369;2587;;;Рамка 3м крем/сатен Легранд;;;;;;бр;;18%;;;6,00;;0,00;;;0,00;;;;6,00;;;;0,00;;;
;;;;;;;;;;;;;;;;;;;;;;;;;;;;;;;;
;370;2644;;;Рамка 3М студио НУ210318 бела;;;;;;бр;;18%;;;13,00;;0,00;;;0,00;;;;13,00;;;;0,00;;;
;;;;;;;;;;;;;;;;;;;;;;;;;;;;;;;;
;371;2583;;;Рамка 4м крем/сатен Легранд;;;;;;бр;;18%;;;24,00;;0,00;;;0,00;;;;24,00;;;;0,00;;;
;;;;;;;;;;;;;;;;;;;;;;;;;;;;;;;;
;372;2634;;;Рамка 4М студио НУ210418 бела;;;;;;бр;;18%;;;49,00;;0,00;;;0,00;;;;49,00;;;;0,00;;;
;;;;;;;;;;;;;;;;;;;;;;;;;;;;;;;;
;373;2581;;;Рамка 7м крем/сатен Легранд;;;;;;бр;;18%;;;10,00;;0,00;;;0,00;;;;10,00;;;;0,00;;;
;;;;;;;;;;;;;;;;;;;;;;;;;;;;;;;;
;374;2635;;;Рамка 7М студио НУ210718 бела;;;;;;бр;;18%;;;8,00;;0,00;;;0,00;;;;8,00;;;;0,00;;;
;;;;;;;;;;;;;;;;;;;;;;;;;;;;;;;;
;375;2616;;;Ребрасто црево F13T;;;;;;бр;;18%;;;200,00;;0,00;;;0,00;;;;200,00;;;;0,00;;;
;;;;;;;;;;;;;;;;;;;;;;;;;;;;;;;;
;376;2615;;;Ребрасто црево F16T;;;;;;мет;;18%;;;100,00;;0,00;;;0,00;;;;100,00;;;;0,00;;;
;;;;;;;;;;;;;;;;;;;;;;;;;;;;;;;;
;377;2614;;;Ребрасто црево F23T;;;;;;мет;;18%;;;600,00;;0,00;;;0,00;;;;600,00;;;;0,00;;;
;;;;;;;;;;;;;;;;;;;;;;;;;;;;;;;;
;378;2617;;;Ребрасто црево F26T;;;;;;мет;;18%;;;50,00;;0,00;;;0,00;;;;50,00;;;;0,00;;;
;;;;;;;;;;;;;;;;;;;;;;;;;;;;;;;;
;379;1664;;;Ребрасто црево ф 16 самог,;;;;;;мет;;18%;;;200,00;;0,00;;;0,00;;;;200,00;;;;0,00;;;
;;;;;;;;;;;;;;;;;;;;;;;;;;;;;;;;
;380;2718;;;Ребрасто црево Ф16 бетон;;;;;;мет;;18%;;;160,00;;0,00;;;0,00;;;;160,00;;;;0,00;;;
;;;;;;;;;;;;;;;;;;;;;;;;;;;;;;;;
;381;2556;;;Ребрасто црево Ф20 бетон;;;;;;мет;;18%;;;600,00;;0,00;;;0,00;;;;600,00;;;;0,00;;;
;;;;;;;;;;;;;;;;;;;;;;;;;;;;;;;;
;382;1559;;;Ребрасто црево Ф20 самогасиво;;;;;;мет;;18%;;;1.200,00;;0,00;;;0,00;;;;1.200,00;;;;0,00;;;
;;;;;;;;;;;;;;;;;;;;;;;;;;;;;;;;
;383;2557;;;Ребрасто црево Ф23 бетон;;;;;;мет;;18%;;;800,00;;0,00;;;0,00;;;;800,00;;;;0,00;;;
;;;;;;;;;;;;;;;;;;;;;;;;;;;;;;;;
;384;2688;;;ребрасто црево црвено 16;;;;;;мет;;18%;;;950,00;;0,00;;;0,00;;;;950,00;;;;0,00;;;
;;;;;;;;;;;;;;;;;;;;;;;;;;;;;;;;
;385;2257;;;ребрасто црево црно ф 20 бетон ;;;;;;мет;;18%;;;800,00;;0,00;;;0,00;;;;800,00;;;;0,00;;;
;;;;;;;;;;;;;;;;;;;;;;;;;;;;;;;;
;386;2005;;;Ребрасто црево црно ф-16 бетон;;;;;;мет;;18%;;;600,00;;0,00;;;0,00;;;;600,00;;;;0,00;;;
;;;;;;;;;;;;;;;;;;;;;;;;;;;;;;;;
;387;2512;;;ревизиона врата 5800 VZ за подни раздвојни места ладно поцинкувано;;;;;;бр;;18%;;;13,00;;0,00;;;0,00;;;;13,00;;;;0,00;;;
;;;;;;;;;;;;;;;;;;;;;;;;;;;;;;;;
;388;2369;;;Редна шелна самогасива за цевка Ф25;;;;;;бр;;18%;;;200,00;;0,00;;;0,00;;;;200,00;;;;0,00;;;
;;;;;;;;;;;;;;;;;;;;;;;;;;;;;;;;
;389;2734;;;Реелен модул;;;;;;бр;;18%;;;1,00;;0,00;;;0,00;;;;1,00;;;;0,00;;;
;;;;;;;;;;;;;;;;;;;;;;;;;;;;;;;;
;390;2560;;;РЈ 45 cat.6 STP Classia;;;;;;бр;;18%;;;30,00;;0,00;;;0,00;;;;30,00;;;;0,00;;;
;;;;;;;;;;;;;;;;;;;;;;;;;;;;;;;;
;391;2283;;;РСТ собир бакар виљус 63А'';;;;;;мет;;18%;;;5,00;;0,00;;;0,00;;;;5,00;;;;0,00;;;
;;;;;;;;;;;;;;;;;;;;;;;;;;;;;;;;
;392;2519;;;Сензор за движење бел IP55 IR 360*4968;;;;;;бр;;18%;;;21,00;;0,00;;;0,00;;;;21,00;;;;0,00;;;
;;;;;;;;;;;;;;;;;;;;;;;;;;;;;;;;
;393;2217;;;сигнален ПП кабел Ј-Н(ST)Н 300V 2x2x0,8mm;;;;;;мет;;18%;;;1.500,00;;0,00;;;0,00;;;;1.500,00;;;;0,00;;;
;;;;;;;;;;;;;;;;;;;;;;;;;;;;;;;;
;394;2725;;;скалестносач на кабли LG 630 VS 3FS,ладно поцинкован;;;;;;мет;;18%;;;6,00;;0,00;;;0,00;;;;6,00;;;;0,00;;;
;;;;;;;;;;;;;;;;;;;;;;;;;;;;;;;;
;395;2409;;;Склопка CVS100B 100A 3P;;;;;;бр;;18%;;;1,00;;0,00;;;0,00;;;;1,00;;;;0,00;;;
;;;;;;;;;;;;;;;;;;;;;;;;;;;;;;;;
;396;2595;;;Склопка F 25А 30мА Легранд;;;;;;бр;;18%;;;2,00;;0,00;;;0,00;;;;2,00;;;;0,00;;;
;;;;;;;;;;;;;;;;;;;;;;;;;;;;;;;;
;397;2600;;;Склопка F 40A 30mA 4P Легранд;;;;;;бр;;18%;;;1,00;;0,00;;;0,00;;;;1,00;;;;0,00;;;
;;;;;;;;;;;;;;;;;;;;;;;;;;;;;;;;
;398;2559;;;Слепа маска 1М бела;;;;;;бр;;18%;;;30,00;;0,00;;;0,00;;;;30,00;;;;0,00;;;
;;;;;;;;;;;;;;;;;;;;;;;;;;;;;;;;
;399;2670;;;Собирница 63А 2х12х10мм за ДИН;;;;;;бр;;18%;;;3,00;;0,00;;;0,00;;;;3,00;;;;0,00;;;
;;;;;;;;;;;;;;;;;;;;;;;;;;;;;;;;
;400;2543;;;Сонда за заземјување 5/4*-1.5м;;;;;;бр;;18%;;;5,00;;0,00;;;0,00;;;;5,00;;;;0,00;;;
;;;;;;;;;;;;;;;;;;;;;;;;;;;;;;;;
;401;813;;;Сонда за уземл.поцн/5/4;;;;;;бр;;18%;;;-3,00;;0,00;;;0,00;;;;-3,00;;;;0,00;;;
;;;;;;;;;;;;;;;;;;;;;;;;;;;;;;;;
;402;2567;;;Сонда крстата 50х50 Л-1500м;;;;;;бр;;18%;;;2,00;;0,00;;;0,00;;;;2,00;;;;0,00;;;
;;;;;;;;;;;;;;;;;;;;;;;;;;;;;;;;
;403;2624;;;Спојка HF за пластична цевка Ф20;;;;;;бр;;18%;;;250,00;;0,00;;;0,00;;;;250,00;;;;0,00;;;
;;;;;;;;;;;;;;;;;;;;;;;;;;;;;;;;
;404;2739;;;Спојка за пластична цевка HFFR F16 1/30;;;;;;бр;;18%;;;300,00;;0,00;;;0,00;;;;300,00;;;;0,00;;;
;;;;;;;;;;;;;;;;;;;;;;;;;;;;;;;;
;405;2618;;;Средидишен носач, МАН 200ФС за носач на кабли;;;;;;бр;;18%;;;50,00;;0,00;;;0,00;;;;50,00;;;;0,00;;;
;;;;;;;;;;;;;;;;;;;;;;;;;;;;;;;;
;406;2619;;;Средишен носач МАН 100ФС, за носач на кабли;;;;;;бр;;18%;;;585,00;;0,00;;;0,00;;;;585,00;;;;0,00;;;
;;;;;;;;;;;;;;;;;;;;;;;;;;;;;;;;
;407;2727;;;Средишен носач МАН 200ФС, за носач на кабли;;;;;;бр;;18%;;;6,00;;0,00;;;0,00;;;;6,00;;;;0,00;;;
;;;;;;;;;;;;;;;;;;;;;;;;;;;;;;;;
;408;2497;;;Станска табла 2х12М, уградна бетон, бела врата Practibox;;;;;;бр;;18%;;;6,00;;0,00;;;0,00;;;;6,00;;;;0,00;;;
;;;;;;;;;;;;;;;;;;;;;;;;;;;;;;;;
;409;2528;;;Станска табла 3x12M уградна бетон бела врата;;;;;;бр;;18%;;;1,00;;0,00;;;0,00;;;;1,00;;;;0,00;;;
;;;;;;;;;;;;;;;;;;;;;;;;;;;;;;;;
;410;2498;;;Станска табла 3х18М, уградна бетон, бела врата Practibox;;;;;;бр;;18%;;;3,00;;0,00;;;0,00;;;;3,00;;;;0,00;;;
;;;;;;;;;;;;;;;;;;;;;;;;;;;;;;;;
;411;2527;;;Станска табла 4x12M уградна бетон бела врата;;;;;;бр;;18%;;;2,00;;0,00;;;0,00;;;;2,00;;;;0,00;;;
;;;;;;;;;;;;;;;;;;;;;;;;;;;;;;;;
;412;2535;;;Станска табла У-3*18(54)Ц технопласт В/3;;;;;;бр;;18%;;;2,00;;0,00;;;0,00;;;;2,00;;;;0,00;;;
;;;;;;;;;;;;;;;;;;;;;;;;;;;;;;;;
;413;2188;;;табла 24 техно ог н ц;;;;;;бр;;18%;;;1,00;;0,00;;;0,00;;;;1,00;;;;0,00;;;
;;;;;;;;;;;;;;;;;;;;;;;;;;;;;;;;
;414;2378;;;табла 24 техно угр на;;;;;;бр;;18%;;;1,00;;0,00;;;0,00;;;;1,00;;;;0,00;;;
;;;;;;;;;;;;;;;;;;;;;;;;;;;;;;;;
;415;1729;;;Табла 36 техно ОГ Х;;;;;;бр;;18%;;;1,00;;0,00;;;0,00;;;;1,00;;;;0,00;;;
;;;;;;;;;;;;;;;;;;;;;;;;;;;;;;;;
;416;2403;;;табла уградн 2ред U24C;;;;;;бр;;18%;;;1,00;;0,00;;;0,00;;;;1,00;;;;0,00;;;
;;;;;;;;;;;;;;;;;;;;;;;;;;;;;;;;
;417;2752;;;Тајмер аналог 1P 230V;;;;;;бр;;18%;;;1,00;;0,00;;;0,00;;;;1,00;;;;0,00;;;
;;;;;;;;;;;;;;;;;;;;;;;;;;;;;;;;
;418;2722;;;Тастер 1М бел,со симбол звоно 10А, 230В 1p (NO) Classia;;;;;;бр;;18%;;;1,00;;0,00;;;0,00;;;;1,00;;;;0,00;;;
;;;;;;;;;;;;;;;;;;;;;;;;;;;;;;;;
;419;2554;;;Тастер 2м со индикација бел;;;;;;пар;;18%;;;1,00;;0,00;;;0,00;;;;1,00;;;;0,00;;;
;;;;;;;;;;;;;;;;;;;;;;;;;;;;;;;;
;420;2753;;;Тастер за жалузи;;;;;;бр;;18%;;;3,00;;0,00;;;0,00;;;;3,00;;;;0,00;;;
;;;;;;;;;;;;;;;;;;;;;;;;;;;;;;;;
;421;2579;;;Тастер за ролетна 1м бел RW4037N-Legrand;;;;;;бр;;18%;;;20,00;;0,00;;;0,00;;;;20,00;;;;0,00;;;
;;;;;;;;;;;;;;;;;;;;;;;;;;;;;;;;
;422;2553;;;Тастер за ролетни 1М;;;;;;пар;;18%;;;12,00;;0,00;;;0,00;;;;12,00;;;;0,00;;;
;;;;;;;;;;;;;;;;;;;;;;;;;;;;;;;;
;423;2429;;;ТВ приклучница бела Classia;;;;;;бр;;18%;;;6,00;;0,00;;;0,00;;;;6,00;;;;0,00;;;
;;;;;;;;;;;;;;;;;;;;;;;;;;;;;;;;
;424;2382;;;тем дозна 4М нов;;;;;;бр;;18%;;;15,00;;0,00;;;0,00;;;;15,00;;;;0,00;;;
;;;;;;;;;;;;;;;;;;;;;;;;;;;;;;;;
;425;2381;;;тем дозна 7М нов;;;;;;бр;;18%;;;7,00;;0,00;;;0,00;;;;7,00;;;;0,00;;;
;;;;;;;;;;;;;;;;;;;;;;;;;;;;;;;;
;426;1772;;;ТЕМ ШУКО БЕЛА;;;;;;бр;;18%;;;5,00;;0,00;;;0,00;;;;5,00;;;;0,00;;;
;;;;;;;;;;;;;;;;;;;;;;;;;;;;;;;;
;427;2442;;;термособ.црево MWTM 10/3'';;;;;;пар;;18%;;;4,50;;0,00;;;0,00;;;;4,50;;;;0,00;;;
;;;;;;;;;;;;;;;;;;;;;;;;;;;;;;;;
;428;2393;;;"термособ.црево MWTM16/5""";;;;;;мет;;18%;;;10,00;;0,00;;;0,00;;;;10,00;;;;0,00;;;
;;;;;;;;;;;;;;;;;;;;;;;;;;;;;;;;
;429;2367;;;типла ударна 6*50;;;;;;бр;;18%;;;500,00;;0,00;;;0,00;;;;500,00;;;;0,00;;;
;;;;;;;;;;;;;;;;;;;;;;;;;;;;;;;;
;430;2500;;;Топлособ.црево-т.ѕидно со леп.слој.MWTM-S 10/3-Ф3.5-9mm-1m;;;;;;бр;;18%;;;10,00;;0,00;;;0,00;;;;10,00;;;;0,00;;;
;;;;;;;;;;;;;;;;;;;;;;;;;;;;;;;;
;431;2509;;;Трака за заштита од корозија,50mm/10m;;;;;;мет;;18%;;;1,00;;0,00;;;0,00;;;;1,00;;;;0,00;;;
;;;;;;;;;;;;;;;;;;;;;;;;;;;;;;;;
;432;2690;;;Трафо за лед 12В 25В втак;;;;;;бр;;18%;;;1,00;;0,00;;;0,00;;;;1,00;;;;0,00;;;
;;;;;;;;;;;;;;;;;;;;;;;;;;;;;;;;
;433;2691;;;Трафо за лед 12В 60В втак;;;;;;бр;;18%;;;1,00;;0,00;;;0,00;;;;1,00;;;;0,00;;;
;;;;;;;;;;;;;;;;;;;;;;;;;;;;;;;;
;434;1346;;;Тулци 6мм;;;;;;бр;;18%;;;200,00;;0,00;;;0,00;;;;200,00;;;;0,00;;;
;;;;;;;;;;;;;;;;;;;;;;;;;;;;;;;;
;435;2434;;;Уводник ПГ 13,5;;;;;;бр;;18%;;;20,00;;0,00;;;0,00;;;;20,00;;;;0,00;;;
;;;;;;;;;;;;;;;;;;;;;;;;;;;;;;;;
;436;2435;;;Уводник ПГ 16;;;;;;бр;;18%;;;3,00;;0,00;;;0,00;;;;3,00;;;;0,00;;;
;;;;;;;;;;;;;;;;;;;;;;;;;;;;;;;;
;437;2561;;;Уградна табла 2х12 Бела Врата;;;;;;бр;;18%;;;1,00;;0,00;;;0,00;;;;1,00;;;;0,00;;;
;;;;;;;;;;;;;;;;;;;;;;;;;;;;;;;;
;438;2443;;;"унакрсна спојка 80x80""";;;;;;бр;;18%;;;30,00;;0,00;;;0,00;;;;30,00;;;;0,00;;;
;;;;;;;;;;;;;;;;;;;;;;;;;;;;;;;;
;439;2577;;;Универзален носач 3м 21х41 мм;;;;;;бр;;18%;;;20,00;;0,00;;;0,00;;;;20,00;;;;0,00;;;
;;;;;;;;;;;;;;;;;;;;;;;;;;;;;;;;
;440;2459;;;универзална утична клема 2-полна, до 4мм2;;;;;;бр;;18%;;;500,00;;0,00;;;0,00;;;;500,00;;;;0,00;;;
;;;;;;;;;;;;;;;;;;;;;;;;;;;;;;;;
;441;2460;;;универзална утична клема 3-полна,до 4мм2;;;;;;бр;;18%;;;675,00;;0,00;;;0,00;;;;675,00;;;;0,00;;;
;;;;;;;;;;;;;;;;;;;;;;;;;;;;;;;;
;442;2461;;;универзална утична клема 5-полна до 4мм2;;;;;;бр;;18%;;;180,00;;0,00;;;0,00;;;;180,00;;;;0,00;;;
;;;;;;;;;;;;;;;;;;;;;;;;;;;;;;;;
;443;1582;;;УПС Батери 12в 7АХ;;;;;;бр;;18%;;;16,00;;0,00;;;0,00;;;;16,00;;;;0,00;;;
;;;;;;;;;;;;;;;;;;;;;;;;;;;;;;;;
;444;2708;;;Утикач за лед лента 220В без утик;;;;;;бр;;18%;;;13,00;;0,00;;;0,00;;;;13,00;;;;0,00;;;
;;;;;;;;;;;;;;;;;;;;;;;;;;;;;;;;
;445;2384;;;утикач л ел;;;;;;бр;;18%;;;2,00;;0,00;;;0,00;;;;2,00;;;;0,00;;;
;;;;;;;;;;;;;;;;;;;;;;;;;;;;;;;;
;446;2268;;;утичен држач 2х4-12мм 2-струка без халоген,4-12мм светло сива;;;;;;бр;;18%;;;1.400,00;;0,00;;;0,00;;;;1.400,00;;;;0,00;;;
;;;;;;;;;;;;;;;;;;;;;;;;;;;;;;;;
;447;2457;;;утична клема х3, без халоген,светло сива,PP;;;;;;бр;;18%;;;300,00;;0,00;;;0,00;;;;300,00;;;;0,00;;;
;;;;;;;;;;;;;;;;;;;;;;;;;;;;;;;;
;448;2458;;;утична клема х5, без халоген,светло сива,PP;;;;;;бр;;18%;;;300,00;;0,00;;;0,00;;;;300,00;;;;0,00;;;
;;;;;;;;;;;;;;;;;;;;;;;;;;;;;;;;
;449;2299;;;утична клема, 3-полна,2,5мм2,0,2-2,5мм2 провидна;;;;;;бр;;18%;;;300,00;;0,00;;;0,00;;;;300,00;;;;0,00;;;
;;;;;;;;;;;;;;;;;;;;;;;;;;;;;;;;
;450;2298;;;утична клема,5-полна, 2,5мм2,0,2-2,5мм2 провидна;;;;;;бр;;18%;;;150,00;;0,00;;;0,00;;;;150,00;;;;0,00;;;
;;;;;;;;;;;;;;;;;;;;;;;;;;;;;;;;
;451;1025;;;ФИД склопка 25/4/0.03 10ка;;;;;;бр;;18%;;;3,00;;0,00;;;0,00;;;;3,00;;;;0,00;;;
;;;;;;;;;;;;;;;;;;;;;;;;;;;;;;;;
;452;2711;;;ФИД склопка 40/0.03А,4P,RX3,AC Legrand;;;;;;бр;;18%;;;2,00;;0,00;;;0,00;;;;2,00;;;;0,00;;;
;;;;;;;;;;;;;;;;;;;;;;;;;;;;;;;;
;453;999;;;ФИД склопка 40/4//0.03.10ка-схар;;;;;;бр;;18%;;;16,00;;0,00;;;0,00;;;;16,00;;;;0,00;;;
;;;;;;;;;;;;;;;;;;;;;;;;;;;;;;;;
;454;2282;;;ФИД склопка 40/4/0.3,10кА Schrack;;;;;;бр;;18%;;;1,00;;0,00;;;0,00;;;;1,00;;;;0,00;;;
;;;;;;;;;;;;;;;;;;;;;;;;;;;;;;;;
;455;2679;;;Флексибилно пластично црево;;;;;;мет;;18%;;;200,00;;0,00;;;0,00;;;;200,00;;;;0,00;;;
;;;;;;;;;;;;;;;;;;;;;;;;;;;;;;;;
;456;2534;;;фотонапонски панели со инсталирана моќност од 182,05KWp;;;;;;бр;;0%;;;1,00;;0,00;;;0,00;;;;1,00;;;;0,00;;;
;;;;;;;;;;;;;;;;;;;;;;;;;;;;;;;;
;457;2531;;;Фотонапонски систем за домаќинство со инсталирана моќност од 6kW;;;;;;пар;;18%;;;1,00;;0,00;;;0,00;;;;1,00;;;;0,00;;;
;;;;;;;;;;;;;;;;;;;;;;;;;;;;;;;;
;458;2244;;;хоризон.товарна склопка 160А 3p за НН осигур. тип NH00;;;;;;бр;;18%;;;1,00;;0,00;;;0,00;;;;1,00;;;;0,00;;;
;;;;;;;;;;;;;;;;;;;;;;;;;;;;;;;;
;459;2520;;;Црево ребрасто HF Ф16/10.7 320N;;;;;;мет;;18%;;;200,00;;0,00;;;0,00;;;;200,00;;;;0,00;;;
;;;;;;;;;;;;;;;;;;;;;;;;;;;;;;;;
;460;2521;;;Црево ребрасто HF Ф20/14.1 320N;;;;;;мет;;18%;;;200,00;;0,00;;;0,00;;;;200,00;;;;0,00;;;
;;;;;;;;;;;;;;;;;;;;;;;;;;;;;;;;
;461;2655;;;Црево ребрасто Ф13 црно Едел;;;;;;мет;;18%;;;600,00;;0,00;;;0,00;;;;600,00;;;;0,00;;;
;;;;;;;;;;;;;;;;;;;;;;;;;;;;;;;;
;462;2641;;;Црево ребрасто Ф16/11,3 самогасиво 320Н црн;;;;;;мет;;18%;;;150,00;;0,00;;;0,00;;;;150,00;;;;0,00;;;
;;;;;;;;;;;;;;;;;;;;;;;;;;;;;;;;
;463;2625;;;Црево ребрасто Ф16/11.5, 320N;;;;;;мет;;18%;;;300,00;;0,00;;;0,00;;;;300,00;;;;0,00;;;
;;;;;;;;;;;;;;;;;;;;;;;;;;;;;;;;
;464;2626;;;Црево ребрасто Ф20/15.3, 320N;;;;;;мет;;18%;;;100,00;;0,00;;;0,00;;;;100,00;;;;0,00;;;
;;;;;;;;;;;;;;;;;;;;;;;;;;;;;;;;
;465;765;;;Црево ребрасто Ф32 сиво огноотпорно;;;;;;бр;;18%;;;-32,00;;0,00;;;0,00;;;;-32,00;;;;0,00;;;
;;;;;;;;;;;;;;;;;;;;;;;;;;;;;;;;
;466;2394;;;чаура МУФ 16mm;;;;;;бр;;18%;;;10,00;;0,00;;;0,00;;;;10,00;;;;0,00;;;
;;;;;;;;;;;;;;;;;;;;;;;;;;;;;;;;
;467;2410;;;Чаура спојна CU 25mm;;;;;;бр;;18%;;;1,00;;0,00;;;0,00;;;;1,00;;;;0,00;;;
;;;;;;;;;;;;;;;;;;;;;;;;;;;;;;;;
;468;2505;;;челична трака 30х4,котур 52м топлопоцинкувано со потопување;;;;;;бр;;18%;;;416,00;;0,00;;;0,00;;;;416,00;;;;0,00;;;
;;;;;;;;;;;;;;;;;;;;;;;;;;;;;;;;
;469;2603;;;Чешел еднореден 1м 1.4мм Смарт;;;;;;бр;;18%;;;4,00;;0,00;;;0,00;;;;4,00;;;;0,00;;;
;;;;;;;;;;;;;;;;;;;;;;;;;;;;;;;;
;470;2223;;;шелна HF за пластична цевка Ф16 Courbi;;;;;;бр;;18%;;;500,00;;0,00;;;0,00;;;;500,00;;;;0,00;;;
;;;;;;;;;;;;;;;;;;;;;;;;;;;;;;;;
;471;2694;;;Шелна HF за пластична цевка, Ф20, Courbi;;;;;;бр;;18%;;;400,00;;0,00;;;0,00;;;;400,00;;;;0,00;;;
;;;;;;;;;;;;;;;;;;;;;;;;;;;;;;;;
;472;2740;;;Шелна за пластична цевка Ф16;;;;;;бр;;18%;;;800,00;;0,00;;;0,00;;;;800,00;;;;0,00;;;
;;;;;;;;;;;;;;;;;;;;;;;;;;;;;;;;
;473;2230;;;шелна за плпастична цевка Ф20;;;;;;бр;;18%;;;600,00;;0,00;;;0,00;;;;600,00;;;;0,00;;;
;;;;;;;;;;;;;;;;;;;;;;;;;;;;;;;;
;474;2661;;;Шпулна за АС МХ1, 220-240VAC;;;;;;бр;;18%;;;3,00;;0,00;;;0,00;;;;3,00;;;;0,00;;;
;;;;;;;;;;;;;;;;;;;;;;;;;;;;;;;;
;475;2629;;;Штекер 2М 16А 2П+Е НУ303618 бел;;;;;;бр;;18%;;;292,00;;0,00;;;0,00;;;;292,00;;;;0,00;;;
;;;;;;;;;;;;;;;;;;;;;;;;;;;;;;;;
;476;2588;;;Штекер 2м бел Легранд;;;;;;бр;;18%;;;58,00;;0,00;;;0,00;;;;58,00;;;;0,00;;;
;;;;;;;;;;;;;;;;;;;;;;;;;;;;;;;;
;477;2639;;;Штекер 2М НУ303703 16А 2П+Е црвен;;;;;;бр;;18%;;;51,00;;0,00;;;0,00;;;;51,00;;;;0,00;;;
;;;;;;;;;;;;;;;;;;;;;;;;;;;;;;;;
;478;2591;;;Штекер за компјутер 1м бел kat5 RJ45 UTP RW Legrand;;;;;;бр;;18%;;;6,00;;0,00;;;0,00;;;;6,00;;;;0,00;;;
;;;;;;;;;;;;;;;;;;;;;;;;;;;;;;;;
;479;2590;;;Штекер за ТВ 1м бел Легранд;;;;;;бр;;18%;;;2,00;;0,00;;;0,00;;;;2,00;;;;0,00;;;
;;;;;;;;;;;;;;;;;;;;;;;;;;;;;;;;
;480;2640;;;Штекер италијански 1М 10А 2П НУ303118 бел;;;;;;бр;;18%;;;12,00;;0,00;;;0,00;;;;12,00;;;;0,00;;;
;;;;;;;;;;;;;;;;;;;;;;;;;;;;;;;;
;481;251;;;Штекер ОГ ИП44/18304-МАКЕЛ;;;;;;бр;;18%;;;1,00;;0,00;;;0,00;;;;1,00;;;;0,00;;;
;;;;;;;;;;;;;;;;;;;;;;;;;;;;;;;;
;482;2589;;;Штекер со капак 2м бел Легранд;;;;;;бр;;18%;;;11,00;;0,00;;;0,00;;;;11,00;;;;0,00;;;
;;;;;;;;;;;;;;;;;;;;;;;;;;;;;;;;
;483;2547;;;Шуко 2М бело Classia;;;;;;пар;;18%;;;115,00;;0,00;;;0,00;;;;115,00;;;;0,00;;;
;;;;;;;;;;;;;;;;;;;;;;;;;;;;;;;;
;484;2548;;;Шуко 2М црно со капак;;;;;;бр;;18%;;;1,00;;0,00;;;0,00;;;;1,00;;;;0,00;;;
;;;;;;;;;;;;;;;;;;;;;;;;;;;;;;;;
;485;2564;;;Шуко 2Н бело Mosaic;;;;;;бр;;18%;;;4,00;;0,00;;;0,00;;;;4,00;;;;0,00;;;
;;;;;;;;;;;;;;;;;;;;;;;;;;;;;;;;
;486;2602;;;Шуко штекер за DIN шина Бемис;;;;;;бр;;18%;;;1,00;;0,00;;;0,00;;;;1,00;;;;0,00;;;
;;;;;;;;;;;;;;;;;;;;;;;;;;;;;;;;
Залиха по набавни цени:;;;;;;;;;0,00;;;;;;;;;;;;;;;;;;Вк. влез;;;;;76.983
;;;;;;;;;;;;;;;;;;;;;;;;;;;Вк. излез;;;;;2
;Данок;;Основица за ДДВ;;;;;ДДВ;;Износ со ДДВ;;;;;;;;;;;;;;;;;;;;;;
;0%;;0;;;;;0;;0;;;;;;;;;;;;;;;;;;;;;;
;5%;;0;;;;;0;;0;;;;;;;;;;;;;;;;;;;;;;
;18%;;0;;;;;0;;0;;;;;;;;;;;;;;;;;;;;;;
;;;0;;;;;0;;0;;;;;;;;;;;;;;;;;;;;;;
;;;;;;;ЕЛЕКТРО МЕ-НА ДООЕЛ, Ул.Благоја Стефковски бр. 111А, СКОПЈЕ-1000, MK4027011514030;;;;;;;;;;;;;;;;;;;;;1/1;;;;
